   Compiling libc v0.2.189
   Compiling cmov v0.5.4
   Compiling typenum v1.20.1
   Compiling proc-macro2 v1.0.107
   Compiling cfg-if v1.0.4
   Compiling quote v1.0.47
   Compiling getrandom v0.4.3
   Compiling unicode-ident v1.0.24
   Compiling rand_core v0.10.1
   Compiling crossbeam-utils v0.8.23
   Compiling autocfg v1.5.1
   Compiling crossbeam-epoch v0.9.21
   Compiling crossbeam-deque v0.8.8
   Compiling serde_core v1.0.229
   Compiling rayon-core v1.13.0
   Compiling serde v1.0.229
   Compiling either v1.18.0
   Compiling paste v1.0.15
   Compiling ctutils v0.4.2
   Compiling once_cell v1.21.4
   Compiling pin-project-lite v0.2.17
   Compiling itertools v0.15.0
   Compiling tracing-core v0.1.36
   Compiling num-traits v0.2.19
   Compiling scopeguard v1.2.0
   Compiling lock_api v0.4.14
   Compiling hybrid-array v0.4.15
   Compiling spin v0.12.3
   Compiling thiserror v2.0.20
   Compiling block-buffer v0.12.1
   Compiling inout v0.2.2
   Compiling libm v0.2.16
   Compiling semver v1.0.28
   Compiling rustc_version v0.4.1
   Compiling crunchy v0.2.4
   Compiling heapless v0.7.17
   Compiling equivalent v1.0.2
   Compiling allocator-api2 v0.2.21
   Compiling byteorder v1.5.0
   Compiling tiny-keccak v2.0.2
   Compiling foldhash v0.2.0
   Compiling hashbrown v0.17.1
   Compiling hash32 v0.2.1
   Compiling stable_deref_trait v1.2.1
   Compiling evm-core v0.1.0 (/Users/dendisuhubdy/rand-worktrees/circuits-quotient/guests-compiled/evm-core)
   Compiling sbpf-core v0.1.0 (/Users/dendisuhubdy/rand-worktrees/circuits-quotient/guests-compiled/sbpf-core)
   Compiling hex v0.4.3
   Compiling rayon v1.12.0
   Compiling cpufeatures v0.3.1
   Compiling keccak v0.2.2
   Compiling crypto-common v0.2.2
   Compiling cipher v0.5.2
   Compiling universal-hash v0.6.1
   Compiling digest v0.11.3
   Compiling aead v0.6.1
   Compiling kem v0.3.0
   Compiling poly1305 v0.9.1
   Compiling sha3 v0.11.0
   Compiling p3-maybe-rayon v0.7.0
   Compiling chacha20 v0.10.2
   Compiling rand v0.10.2
   Compiling chacha20poly1305 v0.11.0
   Compiling num-integer v0.1.47
   Compiling module-lattice v0.2.3
   Compiling ml-kem v0.3.2
   Compiling num-bigint v0.5.1
   Compiling syn v3.0.5
   Compiling syn v2.0.119
   Compiling serde_derive v1.0.229
   Compiling thiserror-impl v2.0.20
   Compiling tracing-attributes v0.1.31
   Compiling tracing v0.1.44
   Compiling cobs v0.3.0
   Compiling p3-util v0.7.0
   Compiling postcard v1.1.3
   Compiling p3-field v0.7.0
   Compiling p3-matrix v0.7.0
   Compiling p3-symmetric v0.7.0
   Compiling p3-challenger v0.7.0
   Compiling p3-keccak v0.7.0
   Compiling p3-dft v0.7.0
   Compiling p3-multilinear-util v0.7.0
   Compiling p3-air v0.7.0
   Compiling p3-mds v0.7.0
   Compiling p3-commit v0.7.0
   Compiling p3-security v0.7.0
   Compiling p3-poseidon2 v0.7.0
   Compiling p3-poseidon1 v0.7.0
   Compiling p3-merkle-tree v0.7.0 (/Users/dendisuhubdy/rand-worktrees/circuits-quotient/vendor/p3-merkle-tree)
   Compiling p3-goldilocks v0.7.0
   Compiling p3-uni-stark v0.7.0
   Compiling p3-fri v0.7.0 (/Users/dendisuhubdy/rand-worktrees/circuits-quotient/vendor/p3-fri)
   Compiling p3-lookup v0.7.0
   Compiling p3-batch-stark v0.7.0
   Compiling rand_zkvm v0.1.0 (/Users/dendisuhubdy/rand-worktrees/circuits-quotient/research)
   Compiling recursion v0.1.0 (/Users/dendisuhubdy/rand-worktrees/circuits-quotient/recursion)
warning: unused import: `ShapeKey`
  --> src/witness.rs:24:54
   |
24 | use crate::shape::{InnerKey, InnerShape, ProofBatch, ShapeKey, VerifierShape, CAP_HEIGHT};
   |                                                      ^^^^^^^^
   |
   = note: `#[warn(unused_imports)]` (part of `#[warn(unused)]`) on by default

warning: `recursion` (lib) generated 1 warning
    Finished `release` profile [optimized] target(s) in 25.56s
     Running tests/memprofile.rs (target/release/deps/memprofile-f83dde87b8ceedcb)

running 1 test
[      0.1s] + with_zero_cols                             live    0.13 GB  peak    0.13 GB
[      0.1s] - with_zero_cols                             live    0.13 GB  peak    0.13 GB  Δlive   +0.00 GB       0.0 s
[      0.1s] + with_zero_cols                             live    0.13 GB  peak    0.13 GB
[      0.1s] - with_zero_cols                             live    0.13 GB  peak    0.13 GB  Δlive   +0.00 GB       0.0 s
[      0.1s] + coset_lde_batch_with_transform             live    0.13 GB  peak    0.13 GB
[      0.1s]   + reverse_matrix_index_bits                  live    0.13 GB  peak    0.13 GB
[      0.1s]   - reverse_matrix_index_bits                  live    0.13 GB  peak    0.13 GB  Δlive   +0.00 GB       0.0 s
[      0.1s]   + first_half                                 live    0.13 GB  peak    0.13 GB
[      0.1s]   - first_half                                 live    0.13 GB  peak    0.13 GB  Δlive   +0.00 GB       0.0 s
[      0.1s]   + reverse_matrix_index_bits                  live    0.13 GB  peak    0.13 GB
[      0.1s]   - reverse_matrix_index_bits                  live    0.13 GB  peak    0.13 GB  Δlive   +0.00 GB       0.0 s
[      0.1s]   + second_half                                live    0.13 GB  peak    0.13 GB
[      0.1s]   - second_half                                live    0.13 GB  peak    0.13 GB  Δlive   +0.00 GB       0.0 s
[      0.1s]   + reserve_exact                              live    0.13 GB  peak    0.13 GB
[      0.1s]   - reserve_exact                              live    0.16 GB  peak    0.16 GB  Δlive   +0.03 GB       0.0 s
[      0.1s]   + coset_dft_oop                              live    0.16 GB  peak    0.16 GB
[      0.1s]   - coset_dft_oop                              live    0.16 GB  peak    0.16 GB  Δlive   +0.00 GB       0.0 s
[      0.1s]   + coset_dft_oop                              live    0.16 GB  peak    0.16 GB
[      0.1s]   - coset_dft_oop                              live    0.16 GB  peak    0.16 GB  Δlive   +0.00 GB       0.0 s
[      0.1s]   + coset_dft_oop                              live    0.16 GB  peak    0.16 GB
[      0.1s]   - coset_dft_oop                              live    0.16 GB  peak    0.16 GB  Δlive   +0.00 GB       0.0 s
[      0.1s]   + coset_dft_oop                              live    0.16 GB  peak    0.16 GB
[      0.1s]   - coset_dft_oop                              live    0.16 GB  peak    0.16 GB  Δlive   +0.00 GB       0.0 s
[      0.1s]   + coset_dft_oop                              live    0.16 GB  peak    0.16 GB
[      0.1s]   - coset_dft_oop                              live    0.16 GB  peak    0.16 GB  Δlive   +0.00 GB       0.0 s
[      0.1s]   + coset_dft_oop                              live    0.16 GB  peak    0.16 GB
[      0.1s]   - coset_dft_oop                              live    0.16 GB  peak    0.16 GB  Δlive   +0.00 GB       0.0 s
[      0.1s]   + coset_dft_oop                              live    0.16 GB  peak    0.16 GB
[      0.1s]   - coset_dft_oop                              live    0.17 GB  peak    0.17 GB  Δlive   +0.00 GB       0.0 s
[      0.1s]   + coset_dft                                  live    0.17 GB  peak    0.17 GB
[      0.1s]   - coset_dft                                  live    0.17 GB  peak    0.17 GB  Δlive   +0.00 GB       0.0 s
[      0.1s] - coset_lde_batch_with_transform             live    0.17 GB  peak    0.17 GB  Δlive   +0.04 GB       0.0 s
[      0.1s] + coset_lde_batch_with_transform             live    0.17 GB  peak    0.17 GB
[      0.1s]   + reverse_matrix_index_bits                  live    0.17 GB  peak    0.17 GB
[      0.1s]   - reverse_matrix_index_bits                  live    0.17 GB  peak    0.17 GB  Δlive   +0.00 GB       0.0 s
[      0.1s]   + first_half                                 live    0.17 GB  peak    0.17 GB
[      0.1s]   - first_half                                 live    0.17 GB  peak    0.17 GB  Δlive   +0.00 GB       0.0 s
[      0.1s]   + reverse_matrix_index_bits                  live    0.17 GB  peak    0.17 GB
[      0.1s]   - reverse_matrix_index_bits                  live    0.17 GB  peak    0.17 GB  Δlive   +0.00 GB       0.0 s
[      0.1s]   + second_half                                live    0.17 GB  peak    0.17 GB
[      0.1s]   - second_half                                live    0.17 GB  peak    0.17 GB  Δlive   +0.00 GB       0.0 s
[      0.1s]   + reserve_exact                              live    0.17 GB  peak    0.17 GB
[      0.1s]   - reserve_exact                              live    0.17 GB  peak    0.17 GB  Δlive   +0.00 GB       0.0 s
[      0.1s]   + coset_dft_oop                              live    0.17 GB  peak    0.17 GB
[      0.1s]   - coset_dft_oop                              live    0.17 GB  peak    0.17 GB  Δlive   +0.00 GB       0.0 s
[      0.1s]   + coset_dft_oop                              live    0.17 GB  peak    0.17 GB
[      0.1s]   - coset_dft_oop                              live    0.17 GB  peak    0.17 GB  Δlive   +0.00 GB       0.0 s
[      0.1s]   + coset_dft_oop                              live    0.17 GB  peak    0.17 GB
[      0.1s]   - coset_dft_oop                              live    0.17 GB  peak    0.17 GB  Δlive   +0.00 GB       0.0 s
[      0.1s]   + coset_dft_oop                              live    0.17 GB  peak    0.17 GB
[      0.1s]   - coset_dft_oop                              live    0.17 GB  peak    0.17 GB  Δlive   +0.00 GB       0.0 s
[      0.1s]   + coset_dft_oop                              live    0.17 GB  peak    0.17 GB
[      0.1s]   - coset_dft_oop                              live    0.17 GB  peak    0.17 GB  Δlive   +0.00 GB       0.0 s
[      0.1s]   + coset_dft_oop                              live    0.17 GB  peak    0.17 GB
[      0.1s]   - coset_dft_oop                              live    0.17 GB  peak    0.17 GB  Δlive   +0.00 GB       0.0 s
[      0.1s]   + coset_dft_oop                              live    0.17 GB  peak    0.17 GB
[      0.1s]   - coset_dft_oop                              live    0.17 GB  peak    0.17 GB  Δlive   +0.00 GB       0.0 s
[      0.1s]   + coset_dft                                  live    0.17 GB  peak    0.17 GB
[      0.1s]   - coset_dft                                  live    0.17 GB  peak    0.17 GB  Δlive   +0.00 GB       0.0 s
[      0.1s] - coset_lde_batch_with_transform             live    0.17 GB  peak    0.17 GB  Δlive   +0.00 GB       0.0 s
[      1.2s] + build merkle tree                          live    0.20 GB  peak    0.20 GB
[      1.2s]   + first digest layer                         live    0.20 GB  peak    0.20 GB
[      1.3s]   - first digest layer                         live    0.23 GB  peak    0.23 GB  Δlive   +0.03 GB       0.1 s
[      1.3s] - build merkle tree                          live    0.27 GB  peak    0.27 GB  Δlive   +0.07 GB       0.1 s
[      1.3s] + infer constraint degree                    live    0.27 GB  peak    0.27 GB
[      1.3s]   + evaluate constraints symbolically          live    0.27 GB  peak    0.27 GB
[      1.3s]   - evaluate constraints symbolically          live    0.27 GB  peak    0.27 GB  Δlive   +0.00 GB       0.0 s
[      1.3s] - infer constraint degree                    live    0.27 GB  peak    0.27 GB  Δlive   +0.00 GB       0.0 s
[      1.3s] + infer constraint degree                    live    0.27 GB  peak    0.27 GB
[      1.3s]   + evaluate constraints symbolically          live    0.27 GB  peak    0.27 GB
[      1.3s]   - evaluate constraints symbolically          live    0.27 GB  peak    0.27 GB  Δlive   +0.00 GB       0.0 s
[      1.3s] - infer constraint degree                    live    0.27 GB  peak    0.27 GB  Δlive   +0.00 GB       0.0 s
[      1.3s] + infer constraint degree                    live    0.27 GB  peak    0.27 GB
[      1.3s]   + evaluate constraints symbolically          live    0.27 GB  peak    0.27 GB
[      1.3s]   - evaluate constraints symbolically          live    0.27 GB  peak    0.27 GB  Δlive   +0.00 GB       0.0 s
[      1.3s] - infer constraint degree                    live    0.27 GB  peak    0.27 GB  Δlive   +0.00 GB       0.0 s
[      1.3s] + infer constraint degree                    live    0.27 GB  peak    0.27 GB
[      1.3s]   + evaluate constraints symbolically          live    0.27 GB  peak    0.27 GB
[      1.3s]   - evaluate constraints symbolically          live    0.27 GB  peak    0.27 GB  Δlive   +0.00 GB       0.0 s
[      1.3s] - infer constraint degree                    live    0.27 GB  peak    0.27 GB  Δlive   +0.00 GB       0.0 s
[      1.3s] + infer constraint degree                    live    0.27 GB  peak    0.27 GB
[      1.3s]   + evaluate constraints symbolically          live    0.27 GB  peak    0.27 GB
[      1.3s]   - evaluate constraints symbolically          live    0.27 GB  peak    0.27 GB  Δlive   +0.00 GB       0.0 s
[      1.3s] - infer constraint degree                    live    0.27 GB  peak    0.27 GB  Δlive   +0.00 GB       0.0 s
[      1.3s] + infer constraint degree                    live    0.27 GB  peak    0.27 GB
[      1.3s]   + evaluate constraints symbolically          live    0.27 GB  peak    0.27 GB
[      1.3s]   - evaluate constraints symbolically          live    0.27 GB  peak    0.27 GB  Δlive   +0.00 GB       0.0 s
[      1.3s] - infer constraint degree                    live    0.27 GB  peak    0.27 GB  Δlive   +0.00 GB       0.0 s
[      1.3s] + infer constraint degree                    live    0.27 GB  peak    0.27 GB
[      1.3s]   + evaluate constraints symbolically          live    0.27 GB  peak    0.27 GB
[      1.3s]   - evaluate constraints symbolically          live    0.27 GB  peak    0.27 GB  Δlive   +0.00 GB       0.0 s
[      1.3s] - infer constraint degree                    live    0.27 GB  peak    0.27 GB  Δlive   +0.00 GB       0.0 s
[      1.3s] + prove_batch                                live    0.27 GB  peak    0.27 GB
[      1.3s]   + infer log of constraint degree             live    0.27 GB  peak    0.27 GB
[      1.3s]   - infer log of constraint degree             live    0.27 GB  peak    0.27 GB  Δlive   +0.00 GB       0.0 s
[      1.3s]   + infer log of constraint degree             live    0.27 GB  peak    0.27 GB
[      1.3s]   - infer log of constraint degree             live    0.27 GB  peak    0.27 GB  Δlive   +0.00 GB       0.0 s
[      1.3s]   + infer log of constraint degree             live    0.27 GB  peak    0.27 GB
[      1.3s]   - infer log of constraint degree             live    0.27 GB  peak    0.27 GB  Δlive   +0.00 GB       0.0 s
[      1.3s]   + infer log of constraint degree             live    0.27 GB  peak    0.27 GB
[      1.3s]   - infer log of constraint degree             live    0.27 GB  peak    0.27 GB  Δlive   +0.00 GB       0.0 s
[      1.3s]   + infer log of constraint degree             live    0.27 GB  peak    0.27 GB
[      1.4s]   - infer log of constraint degree             live    0.27 GB  peak    0.27 GB  Δlive   +0.00 GB       0.0 s
[      1.4s]   + infer log of constraint degree             live    0.27 GB  peak    0.27 GB
[      1.4s]   - infer log of constraint degree             live    0.27 GB  peak    0.27 GB  Δlive   +0.00 GB       0.0 s
[      1.4s]   + infer log of constraint degree             live    0.27 GB  peak    0.27 GB
[      1.4s]   - infer log of constraint degree             live    0.27 GB  peak    0.27 GB  Δlive   +0.00 GB       0.0 s
[      1.4s]   + randomize polys                            live    0.36 GB  peak    0.36 GB
[      3.2s]     - with_random_cols                           live    0.45 GB  peak    0.45 GB  Δlive   +0.09 GB       1.6 s
[      5.3s]   - randomize polys                            live    0.47 GB  peak    0.50 GB  Δlive   +0.12 GB       4.0 s
[      5.3s]   + coset_lde_batch_with_transform             live    0.47 GB  peak    0.50 GB
[      5.3s]   - coset_lde_batch_with_transform             live    0.53 GB  peak    0.53 GB  Δlive   +0.06 GB       0.0 s
[      5.3s]   + coset_lde_batch_with_transform             live    0.53 GB  peak    0.53 GB
[      5.4s]   - coset_lde_batch_with_transform             live    1.17 GB  peak    1.17 GB  Δlive   +0.63 GB       0.1 s
[      5.4s]   + coset_lde_batch_with_transform             live    1.17 GB  peak    1.17 GB
[      5.5s]   - coset_lde_batch_with_transform             live    1.40 GB  peak    1.40 GB  Δlive   +0.24 GB       0.1 s
[      5.5s]   + coset_lde_batch_with_transform             live    1.40 GB  peak    1.40 GB
[      5.5s]   - coset_lde_batch_with_transform             live    1.62 GB  peak    1.62 GB  Δlive   +0.22 GB       0.0 s
[      5.5s]   + coset_lde_batch_with_transform             live    1.62 GB  peak    1.62 GB
[      5.6s]   - coset_lde_batch_with_transform             live    1.94 GB  peak    1.94 GB  Δlive   +0.32 GB       0.1 s
[      5.6s]   + coset_lde_batch_with_transform             live    1.94 GB  peak    1.94 GB
[      5.6s]   - coset_lde_batch_with_transform             live    1.94 GB  peak    1.94 GB  Δlive   +0.00 GB       0.0 s
[      5.6s]   + coset_lde_batch_with_transform             live    1.94 GB  peak    1.94 GB
[      5.6s]   - coset_lde_batch_with_transform             live    1.94 GB  peak    1.94 GB  Δlive   +0.00 GB       0.0 s
[      5.7s]   + build merkle tree                          live    2.15 GB  peak    2.15 GB
[      8.3s]   - build merkle tree                          live    2.28 GB  peak    2.28 GB  Δlive   +0.13 GB       2.6 s
[      8.3s]   + generate lookup permutation                live    2.29 GB  peak    2.29 GB
[      8.3s]   - generate lookup permutation                live    2.29 GB  peak    2.29 GB  Δlive   +0.00 GB       0.0 s
[      8.3s]   + generate lookup permutation                live    2.29 GB  peak    2.29 GB
[      8.3s]   - generate lookup permutation                live    2.30 GB  peak    2.33 GB  Δlive   +0.01 GB       0.0 s
[      8.3s]   + generate lookup permutation                live    2.30 GB  peak    2.33 GB
[      8.3s]   - generate lookup permutation                live    2.31 GB  peak    2.33 GB  Δlive   +0.01 GB       0.0 s
[      8.3s]   + generate lookup permutation                live    2.31 GB  peak    2.33 GB
[      8.3s]   - generate lookup permutation                live    2.32 GB  peak    2.33 GB  Δlive   +0.01 GB       0.0 s
[      8.3s]   + generate lookup permutation                live    2.32 GB  peak    2.33 GB
[      8.3s]   - generate lookup permutation                live    2.32 GB  peak    2.34 GB  Δlive   +0.00 GB       0.0 s
[      8.3s]   + generate lookup permutation                live    2.32 GB  peak    2.34 GB
[      8.3s]   - generate lookup permutation                live    2.32 GB  peak    2.34 GB  Δlive   +0.00 GB       0.0 s
[      8.3s]   + generate lookup permutation                live    2.32 GB  peak    2.34 GB
[      8.3s]   - generate lookup permutation                live    2.32 GB  peak    2.34 GB  Δlive   +0.00 GB       0.0 s
[      8.3s]   + randomize polys                            live    2.32 GB  peak    2.34 GB
[     10.0s] # sample  live    2.39 GB  peak    2.39 GB  rss    2.52 GB
[     10.5s]   - randomize polys                            live    2.38 GB  peak    2.39 GB  Δlive   +0.06 GB       2.1 s
[     10.5s]   + coset_lde_batch_with_transform             live    2.38 GB  peak    2.39 GB
[     10.5s]   - coset_lde_batch_with_transform             live    2.44 GB  peak    2.44 GB  Δlive   +0.06 GB       0.0 s
[     10.5s]   + coset_lde_batch_with_transform             live    2.44 GB  peak    2.44 GB
[     10.5s]   - coset_lde_batch_with_transform             live    2.66 GB  peak    2.66 GB  Δlive   +0.22 GB       0.0 s
[     10.5s]   + coset_lde_batch_with_transform             live    2.66 GB  peak    2.66 GB
[     10.6s]   - coset_lde_batch_with_transform             live    2.84 GB  peak    2.84 GB  Δlive   +0.18 GB       0.0 s
[     10.6s]   + coset_lde_batch_with_transform             live    2.84 GB  peak    2.84 GB
[     10.6s]   - coset_lde_batch_with_transform             live    3.01 GB  peak    3.01 GB  Δlive   +0.18 GB       0.0 s
[     10.6s]   + coset_lde_batch_with_transform             live    3.01 GB  peak    3.01 GB
[     10.6s]   - coset_lde_batch_with_transform             live    3.06 GB  peak    3.06 GB  Δlive   +0.05 GB       0.0 s
[     10.6s]   + coset_lde_batch_with_transform             live    3.06 GB  peak    3.06 GB
[     10.6s]   - coset_lde_batch_with_transform             live    3.06 GB  peak    3.06 GB  Δlive   +0.00 GB       0.0 s
[     10.6s]   + coset_lde_batch_with_transform             live    3.06 GB  peak    3.06 GB
[     10.6s]   - coset_lde_batch_with_transform             live    3.06 GB  peak    3.06 GB  Δlive   +0.00 GB       0.0 s
[     10.7s]   + build merkle tree                          live    3.26 GB  peak    3.26 GB
[     12.1s]   - build merkle tree                          live    3.40 GB  peak    3.40 GB  Δlive   +0.13 GB       1.4 s
[     12.1s]   + compute quotient                           live    3.40 GB  peak    3.40 GB
[     20.0s] # sample  live    3.56 GB  peak    3.56 GB  rss    3.72 GB
[     21.9s]                         - compute quotient polynomial                live    3.53 GB  peak    3.56 GB  Δlive   +0.13 GB       9.8 s
[     21.9s]                       - compute quotient polynomial                live    3.51 GB  peak    3.56 GB  Δlive   +0.11 GB       9.8 s
[     21.9s]                     - compute quotient polynomial                live    3.52 GB  peak    3.56 GB  Δlive   +0.13 GB       9.8 s
[     21.9s]                   - compute quotient polynomial                live    3.49 GB  peak    3.56 GB  Δlive   +0.09 GB       9.8 s
[     21.9s]                     - batch_multiplicative_inverse               live    3.50 GB  peak    3.56 GB  Δlive   +0.04 GB       9.8 s
[     21.9s]                       - Compute Selectors                          live    3.48 GB  peak    3.56 GB  Δlive   +0.08 GB       9.8 s
[     22.0s]                     - compute quotient polynomial                live    3.47 GB  peak    3.56 GB  Δlive   +0.08 GB       9.9 s
[     22.2s]                   - compute quotient                           live    3.55 GB  peak    3.56 GB  Δlive   +0.15 GB      10.1 s
[     22.9s]               - compute quotient                           live    3.82 GB  peak    3.88 GB  Δlive   +0.42 GB      10.8 s
[     26.5s]               - compute quotient                           live    6.01 GB  peak    6.16 GB  Δlive   +2.61 GB      14.4 s
[     26.5s]           - compute quotient                           live    5.86 GB  peak    6.16 GB  Δlive   +2.46 GB      14.4 s
[     27.9s]   - compute quotient                           live    6.14 GB  peak    6.24 GB  Δlive   +2.75 GB      15.8 s
[     28.9s]   + build merkle tree                          live    7.92 GB  peak    7.92 GB
[     30.0s] # sample  live    7.99 GB  peak    7.99 GB  rss    7.07 GB
[     33.2s]     - first digest layer                         live    7.99 GB  peak    7.99 GB  Δlive   +0.07 GB       4.3 s
[     35.9s]   - build merkle tree                          live    8.06 GB  peak    8.06 GB  Δlive   +0.13 GB       7.0 s
[     37.2s]   + coset_lde_batch_with_transform             live    8.10 GB  peak    8.10 GB
[     37.2s]   - coset_lde_batch_with_transform             live    8.14 GB  peak    8.14 GB  Δlive   +0.04 GB       0.0 s
[     37.2s]   + coset_lde_batch_with_transform             live    8.14 GB  peak    8.14 GB
[     37.3s]   - coset_lde_batch_with_transform             live    8.18 GB  peak    8.18 GB  Δlive   +0.04 GB       0.0 s
[     37.3s]   + coset_lde_batch_with_transform             live    8.18 GB  peak    8.18 GB
[     37.3s]   - coset_lde_batch_with_transform             live    8.27 GB  peak    8.27 GB  Δlive   +0.09 GB       0.0 s
[     37.3s]   + coset_lde_batch_with_transform             live    8.27 GB  peak    8.27 GB
[     37.3s]   - coset_lde_batch_with_transform             live    8.36 GB  peak    8.36 GB  Δlive   +0.09 GB       0.0 s
[     37.3s]   + coset_lde_batch_with_transform             live    8.36 GB  peak    8.36 GB
[     37.4s]   - coset_lde_batch_with_transform             live    8.36 GB  peak    8.36 GB  Δlive   +0.01 GB       0.0 s
[     37.4s]   + coset_lde_batch_with_transform             live    8.36 GB  peak    8.36 GB
[     37.4s]   - coset_lde_batch_with_transform             live    8.36 GB  peak    8.36 GB  Δlive   +0.00 GB       0.0 s
[     37.4s]   + coset_lde_batch_with_transform             live    8.36 GB  peak    8.36 GB
[     37.4s]   - coset_lde_batch_with_transform             live    8.37 GB  peak    8.37 GB  Δlive   +0.00 GB       0.0 s
[     37.5s]   + build merkle tree                          live    8.57 GB  peak    8.57 GB
[     38.5s]   - build merkle tree                          live    8.70 GB  peak    8.70 GB  Δlive   +0.13 GB       1.0 s
[     38.5s]   + compute_inverse_denominators               live    8.72 GB  peak    8.72 GB
[     38.5s]   - compute_inverse_denominators               live    8.81 GB  peak    8.84 GB  Δlive   +0.09 GB       0.0 s
[     38.5s]   + evaluate matrix                            live    8.89 GB  peak    8.89 GB
[     38.5s]   - evaluate matrix                            live    8.89 GB  peak    8.89 GB  Δlive   +0.00 GB       0.0 s
[     38.5s]   + evaluate matrix                            live    8.89 GB  peak    8.89 GB
[     38.5s]   - evaluate matrix                            live    8.89 GB  peak    8.89 GB  Δlive   +0.00 GB       0.0 s
[     38.5s]   + evaluate matrix                            live    8.89 GB  peak    8.89 GB
[     38.5s]   - evaluate matrix                            live    8.89 GB  peak    8.89 GB  Δlive   +0.00 GB       0.0 s
[     38.5s]   + evaluate matrix                            live    8.89 GB  peak    8.89 GB
[     38.5s]   - evaluate matrix                            live    8.89 GB  peak    8.89 GB  Δlive   +0.00 GB       0.0 s
[     38.5s]   + evaluate matrix                            live    8.89 GB  peak    8.89 GB
[     38.5s]   - evaluate matrix                            live    8.89 GB  peak    8.89 GB  Δlive   +0.00 GB       0.0 s
[     38.5s]   + evaluate matrix                            live    8.89 GB  peak    8.89 GB
[     38.5s]   - evaluate matrix                            live    8.89 GB  peak    8.89 GB  Δlive   +0.00 GB       0.0 s
[     38.5s]   + evaluate matrix                            live    8.89 GB  peak    8.89 GB
[     38.5s]   - evaluate matrix                            live    8.89 GB  peak    8.89 GB  Δlive   +0.00 GB       0.0 s
[     38.5s]   + evaluate matrix                            live    8.89 GB  peak    8.89 GB
[     38.5s]   - evaluate matrix                            live    8.89 GB  peak    8.89 GB  Δlive   +0.00 GB       0.0 s
[     38.5s]   + evaluate matrix                            live    8.89 GB  peak    8.89 GB
[     38.5s]   - evaluate matrix                            live    8.89 GB  peak    8.89 GB  Δlive   +0.00 GB       0.0 s
[     38.5s]   + evaluate matrix                            live    8.89 GB  peak    8.89 GB
[     38.5s]   - evaluate matrix                            live    8.89 GB  peak    8.89 GB  Δlive   +0.00 GB       0.0 s
[     38.5s]   + evaluate matrix                            live    8.89 GB  peak    8.89 GB
[     38.5s]   - evaluate matrix                            live    8.89 GB  peak    8.89 GB  Δlive   +0.00 GB       0.0 s
[     38.5s]   + evaluate matrix                            live    8.89 GB  peak    8.89 GB
[     38.5s]   - evaluate matrix                            live    8.89 GB  peak    8.89 GB  Δlive   +0.00 GB       0.0 s
[     38.5s]   + evaluate matrix                            live    8.89 GB  peak    8.89 GB
[     38.5s]   - evaluate matrix                            live    8.89 GB  peak    8.89 GB  Δlive   +0.00 GB       0.0 s
[     38.5s]   + evaluate matrix                            live    8.89 GB  peak    8.89 GB
[     38.5s]   - evaluate matrix                            live    8.89 GB  peak    8.89 GB  Δlive   +0.00 GB       0.0 s
[     38.5s]   + evaluate matrix                            live    8.89 GB  peak    8.89 GB
[     38.5s]   - evaluate matrix                            live    8.89 GB  peak    8.89 GB  Δlive   +0.00 GB       0.0 s
[     38.5s]   + evaluate matrix                            live    8.89 GB  peak    8.89 GB
[     38.5s]   - evaluate matrix                            live    8.89 GB  peak    8.89 GB  Δlive   +0.00 GB       0.0 s
[     38.5s]   + evaluate matrix                            live    8.89 GB  peak    8.89 GB
[     38.5s]   - evaluate matrix                            live    8.89 GB  peak    8.89 GB  Δlive   +0.00 GB       0.0 s
[     38.5s]   + evaluate matrix                            live    8.89 GB  peak    8.89 GB
[     38.5s]   - evaluate matrix                            live    8.89 GB  peak    8.89 GB  Δlive   +0.00 GB       0.0 s
[     38.5s]   + evaluate matrix                            live    8.89 GB  peak    8.89 GB
[     38.5s]   - evaluate matrix                            live    8.89 GB  peak    8.89 GB  Δlive   +0.00 GB       0.0 s
[     38.5s]   + evaluate matrix                            live    8.89 GB  peak    8.89 GB
[     38.5s]   - evaluate matrix                            live    8.89 GB  peak    8.89 GB  Δlive   +0.00 GB       0.0 s
[     38.5s]   + evaluate matrix                            live    8.89 GB  peak    8.89 GB
[     38.5s]   - evaluate matrix                            live    8.89 GB  peak    8.89 GB  Δlive   +0.00 GB       0.0 s
[     38.5s]   + evaluate matrix                            live    8.89 GB  peak    8.89 GB
[     38.5s]   - evaluate matrix                            live    8.89 GB  peak    8.89 GB  Δlive   +0.00 GB       0.0 s
[     38.5s]   + evaluate matrix                            live    8.89 GB  peak    8.89 GB
[     38.5s]   - evaluate matrix                            live    8.89 GB  peak    8.89 GB  Δlive   +0.00 GB       0.0 s
[     38.5s]   + evaluate matrix                            live    8.89 GB  peak    8.89 GB
[     38.5s]   - evaluate matrix                            live    8.89 GB  peak    8.89 GB  Δlive   +0.00 GB       0.0 s
[     38.5s]   + evaluate matrix                            live    8.89 GB  peak    8.89 GB
[     38.5s]   - evaluate matrix                            live    8.89 GB  peak    8.89 GB  Δlive   +0.00 GB       0.0 s
[     38.5s]   + evaluate matrix                            live    8.89 GB  peak    8.89 GB
[     38.5s]   - evaluate matrix                            live    8.89 GB  peak    8.89 GB  Δlive   +0.00 GB       0.0 s
[     38.5s]   + evaluate matrix                            live    8.89 GB  peak    8.89 GB
[     38.5s]   - evaluate matrix                            live    8.89 GB  peak    8.89 GB  Δlive   +0.00 GB       0.0 s
[     38.5s]   + evaluate matrix                            live    8.89 GB  peak    8.89 GB
[     38.5s]   - evaluate matrix                            live    8.89 GB  peak    8.89 GB  Δlive   +0.00 GB       0.0 s
[     38.5s]   + evaluate matrix                            live    8.89 GB  peak    8.89 GB
[     38.5s]   - evaluate matrix                            live    8.89 GB  peak    8.89 GB  Δlive   +0.00 GB       0.0 s
[     38.5s]   + evaluate matrix                            live    8.89 GB  peak    8.89 GB
[     38.5s]   - evaluate matrix                            live    8.89 GB  peak    8.89 GB  Δlive   +0.00 GB       0.0 s
[     38.5s]   + evaluate matrix                            live    8.89 GB  peak    8.89 GB
[     38.5s]   - evaluate matrix                            live    8.89 GB  peak    8.89 GB  Δlive   +0.00 GB       0.0 s
[     38.5s]   + evaluate matrix                            live    8.89 GB  peak    8.89 GB
[     38.5s]   - evaluate matrix                            live    8.89 GB  peak    8.89 GB  Δlive   +0.00 GB       0.0 s
[     38.5s]   + evaluate matrix                            live    8.89 GB  peak    8.89 GB
[     38.5s]   - evaluate matrix                            live    8.89 GB  peak    8.89 GB  Δlive   +0.00 GB       0.0 s
[     38.5s]   + evaluate matrix                            live    8.89 GB  peak    8.89 GB
[     38.5s]   - evaluate matrix                            live    8.89 GB  peak    8.89 GB  Δlive   +0.00 GB       0.0 s
[     38.5s]   + evaluate matrix                            live    8.89 GB  peak    8.89 GB
[     38.5s]   - evaluate matrix                            live    8.89 GB  peak    8.89 GB  Δlive   +0.00 GB       0.0 s
[     38.5s]   + evaluate matrix                            live    8.89 GB  peak    8.89 GB
[     38.5s]   - evaluate matrix                            live    8.89 GB  peak    8.89 GB  Δlive   +0.00 GB       0.0 s
[     38.5s]   + evaluate matrix                            live    8.89 GB  peak    8.89 GB
[     38.5s]   - evaluate matrix                            live    8.89 GB  peak    8.89 GB  Δlive   +0.00 GB       0.0 s
[     38.5s]   + evaluate matrix                            live    8.89 GB  peak    8.89 GB
[     38.5s]   - evaluate matrix                            live    8.89 GB  peak    8.89 GB  Δlive   +0.00 GB       0.0 s
[     38.5s]   + evaluate matrix                            live    8.89 GB  peak    8.89 GB
[     38.5s]   - evaluate matrix                            live    8.89 GB  peak    8.89 GB  Δlive   +0.00 GB       0.0 s
[     38.5s]   + evaluate matrix                            live    8.89 GB  peak    8.89 GB
[     38.5s]   - evaluate matrix                            live    8.89 GB  peak    8.89 GB  Δlive   +0.00 GB       0.0 s
[     38.5s]   + evaluate matrix                            live    8.89 GB  peak    8.89 GB
[     38.6s]   - evaluate matrix                            live    8.89 GB  peak    8.89 GB  Δlive   +0.00 GB       0.0 s
[     38.6s]   + evaluate matrix                            live    8.89 GB  peak    8.89 GB
[     38.6s]   - evaluate matrix                            live    8.89 GB  peak    8.89 GB  Δlive   +0.00 GB       0.0 s
[     38.6s]   + evaluate matrix                            live    8.89 GB  peak    8.89 GB
[     38.6s]   - evaluate matrix                            live    8.89 GB  peak    8.89 GB  Δlive   +0.00 GB       0.0 s
[     38.6s]   + evaluate matrix                            live    8.89 GB  peak    8.89 GB
[     38.6s]   - evaluate matrix                            live    8.89 GB  peak    8.89 GB  Δlive   +0.00 GB       0.0 s
[     38.6s]   + evaluate matrix                            live    8.89 GB  peak    8.89 GB
[     38.6s]   - evaluate matrix                            live    8.89 GB  peak    8.89 GB  Δlive   +0.00 GB       0.0 s
[     38.6s]   + evaluate matrix                            live    8.89 GB  peak    8.89 GB
[     38.6s]   - evaluate matrix                            live    8.89 GB  peak    8.89 GB  Δlive   +0.00 GB       0.0 s
[     38.6s]   + evaluate matrix                            live    8.89 GB  peak    8.89 GB
[     38.6s]   - evaluate matrix                            live    8.89 GB  peak    8.89 GB  Δlive   +0.00 GB       0.0 s
[     38.6s]   + evaluate matrix                            live    8.89 GB  peak    8.89 GB
[     38.6s]   - evaluate matrix                            live    8.89 GB  peak    8.89 GB  Δlive   +0.00 GB       0.0 s
[     38.6s]   + evaluate matrix                            live    8.89 GB  peak    8.89 GB
[     38.6s]   - evaluate matrix                            live    8.89 GB  peak    8.89 GB  Δlive   +0.00 GB       0.0 s
[     38.6s]   + evaluate matrix                            live    8.89 GB  peak    8.89 GB
[     38.6s]   - evaluate matrix                            live    8.89 GB  peak    8.89 GB  Δlive   +0.00 GB       0.0 s
[     38.6s]   + evaluate matrix                            live    8.89 GB  peak    8.89 GB
[     38.6s]   - evaluate matrix                            live    8.89 GB  peak    8.89 GB  Δlive   +0.00 GB       0.0 s
[     38.6s]   + evaluate matrix                            live    8.89 GB  peak    8.89 GB
[     38.6s]   - evaluate matrix                            live    8.89 GB  peak    8.89 GB  Δlive   +0.00 GB       0.0 s
[     38.6s]   + evaluate matrix                            live    8.89 GB  peak    8.89 GB
[     38.6s]   - evaluate matrix                            live    8.89 GB  peak    8.89 GB  Δlive   +0.00 GB       0.0 s
[     38.6s]   + evaluate matrix                            live    8.89 GB  peak    8.89 GB
[     38.6s]   - evaluate matrix                            live    8.89 GB  peak    8.89 GB  Δlive   +0.00 GB       0.0 s
[     38.6s]   + evaluate matrix                            live    8.89 GB  peak    8.89 GB
[     38.6s]   - evaluate matrix                            live    8.89 GB  peak    8.89 GB  Δlive   +0.00 GB       0.0 s
[     38.6s]   + evaluate matrix                            live    8.89 GB  peak    8.89 GB
[     38.6s]   - evaluate matrix                            live    8.89 GB  peak    8.89 GB  Δlive   +0.00 GB       0.0 s
[     38.6s]   + evaluate matrix                            live    8.89 GB  peak    8.89 GB
[     38.6s]   - evaluate matrix                            live    8.89 GB  peak    8.89 GB  Δlive   +0.00 GB       0.0 s
[     38.6s]   + evaluate matrix                            live    8.89 GB  peak    8.89 GB
[     38.6s]   - evaluate matrix                            live    8.89 GB  peak    8.89 GB  Δlive   +0.00 GB       0.0 s
[     38.6s]   + evaluate matrix                            live    8.89 GB  peak    8.89 GB
[     38.6s]   - evaluate matrix                            live    8.89 GB  peak    8.89 GB  Δlive   +0.00 GB       0.0 s
[     38.6s]   + evaluate matrix                            live    8.89 GB  peak    8.89 GB
[     38.6s]   - evaluate matrix                            live    8.89 GB  peak    8.89 GB  Δlive   +0.00 GB       0.0 s
[     38.6s]   + evaluate matrix                            live    8.89 GB  peak    8.89 GB
[     38.6s]   - evaluate matrix                            live    8.89 GB  peak    8.89 GB  Δlive   +0.00 GB       0.0 s
[     38.6s]   + evaluate matrix                            live    8.89 GB  peak    8.89 GB
[     38.6s]   - evaluate matrix                            live    8.89 GB  peak    8.89 GB  Δlive   +0.00 GB       0.0 s
[     38.6s]   + evaluate matrix                            live    8.89 GB  peak    8.89 GB
[     38.6s]   - evaluate matrix                            live    8.89 GB  peak    8.89 GB  Δlive   +0.00 GB       0.0 s
[     38.6s]   + evaluate matrix                            live    8.89 GB  peak    8.89 GB
[     38.6s]   - evaluate matrix                            live    8.89 GB  peak    8.89 GB  Δlive   +0.00 GB       0.0 s
[     38.6s]   + evaluate matrix                            live    8.89 GB  peak    8.89 GB
[     38.6s]   - evaluate matrix                            live    8.89 GB  peak    8.89 GB  Δlive   +0.00 GB       0.0 s
[     38.6s]   + evaluate matrix                            live    8.89 GB  peak    8.89 GB
[     38.6s]   - evaluate matrix                            live    8.89 GB  peak    8.89 GB  Δlive   +0.00 GB       0.0 s
[     38.6s]   + evaluate matrix                            live    8.89 GB  peak    8.89 GB
[     38.6s]   - evaluate matrix                            live    8.89 GB  peak    8.89 GB  Δlive   +0.00 GB       0.0 s
[     38.6s]   + evaluate matrix                            live    8.89 GB  peak    8.89 GB
[     38.6s]   - evaluate matrix                            live    8.89 GB  peak    8.89 GB  Δlive   +0.00 GB       0.0 s
[     38.6s]   + evaluate matrix                            live    8.89 GB  peak    8.89 GB
[     38.6s]   - evaluate matrix                            live    8.89 GB  peak    8.89 GB  Δlive   +0.00 GB       0.0 s
[     38.6s]   + evaluate matrix                            live    8.89 GB  peak    8.89 GB
[     38.6s]   - evaluate matrix                            live    8.89 GB  peak    8.89 GB  Δlive   +0.00 GB       0.0 s
[     38.6s]   + evaluate matrix                            live    8.89 GB  peak    8.89 GB
[     38.6s]   - evaluate matrix                            live    8.89 GB  peak    8.89 GB  Δlive   +0.00 GB       0.0 s
[     38.6s]   + evaluate matrix                            live    8.89 GB  peak    8.89 GB
[     38.6s]   - evaluate matrix                            live    8.89 GB  peak    8.89 GB  Δlive   +0.00 GB       0.0 s
[     38.6s]   + evaluate matrix                            live    8.89 GB  peak    8.89 GB
[     38.6s]   - evaluate matrix                            live    8.89 GB  peak    8.89 GB  Δlive   +0.00 GB       0.0 s
[     38.6s]   + evaluate matrix                            live    8.89 GB  peak    8.89 GB
[     38.6s]   - evaluate matrix                            live    8.89 GB  peak    8.89 GB  Δlive   +0.00 GB       0.0 s
[     38.6s]   + evaluate matrix                            live    8.89 GB  peak    8.89 GB
[     38.6s]   - evaluate matrix                            live    8.89 GB  peak    8.89 GB  Δlive   +0.00 GB       0.0 s
[     38.6s]   + evaluate matrix                            live    8.89 GB  peak    8.89 GB
[     38.6s]   - evaluate matrix                            live    8.89 GB  peak    8.89 GB  Δlive   +0.00 GB       0.0 s
[     38.6s]   + evaluate matrix                            live    8.89 GB  peak    8.89 GB
[     38.6s]   - evaluate matrix                            live    8.89 GB  peak    8.89 GB  Δlive   +0.00 GB       0.0 s
[     38.6s]   + evaluate matrix                            live    8.89 GB  peak    8.89 GB
[     38.6s]   - evaluate matrix                            live    8.89 GB  peak    8.89 GB  Δlive   +0.00 GB       0.0 s
[     38.6s]   + evaluate matrix                            live    8.89 GB  peak    8.89 GB
[     38.6s]   - evaluate matrix                            live    8.89 GB  peak    8.89 GB  Δlive   +0.00 GB       0.0 s
[     38.6s]   + evaluate matrix                            live    8.89 GB  peak    8.89 GB
[     38.6s]   - evaluate matrix                            live    8.89 GB  peak    8.89 GB  Δlive   +0.00 GB       0.0 s
[     38.6s]   + evaluate matrix                            live    8.89 GB  peak    8.89 GB
[     38.6s]   - evaluate matrix                            live    8.89 GB  peak    8.89 GB  Δlive   +0.00 GB       0.0 s
[     38.6s]   + evaluate matrix                            live    8.89 GB  peak    8.89 GB
[     38.6s]   - evaluate matrix                            live    8.89 GB  peak    8.89 GB  Δlive   +0.00 GB       0.0 s
[     38.6s]   + evaluate matrix                            live    8.89 GB  peak    8.89 GB
[     38.6s]   - evaluate matrix                            live    8.89 GB  peak    8.89 GB  Δlive   +0.00 GB       0.0 s
[     38.6s]   + evaluate matrix                            live    8.89 GB  peak    8.89 GB
[     38.6s]   - evaluate matrix                            live    8.89 GB  peak    8.89 GB  Δlive   +0.00 GB       0.0 s
[     38.6s]   + evaluate matrix                            live    8.89 GB  peak    8.89 GB
[     38.6s]   - evaluate matrix                            live    8.89 GB  peak    8.89 GB  Δlive   +0.00 GB       0.0 s
[     38.6s]   + evaluate matrix                            live    8.89 GB  peak    8.89 GB
[     38.6s]   - evaluate matrix                            live    8.89 GB  peak    8.89 GB  Δlive   +0.00 GB       0.0 s
[     38.6s]   + evaluate matrix                            live    8.89 GB  peak    8.89 GB
[     38.6s]   - evaluate matrix                            live    8.89 GB  peak    8.89 GB  Δlive   +0.00 GB       0.0 s
[     38.6s]   + evaluate matrix                            live    8.89 GB  peak    8.89 GB
[     38.6s]   - evaluate matrix                            live    8.89 GB  peak    8.89 GB  Δlive   +0.00 GB       0.0 s
[     38.6s]   + evaluate matrix                            live    8.89 GB  peak    8.89 GB
[     38.6s]   - evaluate matrix                            live    8.89 GB  peak    8.89 GB  Δlive   +0.00 GB       0.0 s
[     38.6s]   + evaluate matrix                            live    8.89 GB  peak    8.89 GB
[     38.6s]   - evaluate matrix                            live    8.89 GB  peak    8.89 GB  Δlive   +0.00 GB       0.0 s
[     38.6s]   + evaluate matrix                            live    8.89 GB  peak    8.89 GB
[     38.6s]   - evaluate matrix                            live    8.89 GB  peak    8.89 GB  Δlive   +0.00 GB       0.0 s
[     38.6s]   + reduce matrix quotient                     live    8.89 GB  peak    8.89 GB
[     38.6s]   - reduce matrix quotient                     live    8.91 GB  peak    8.93 GB  Δlive   +0.02 GB       0.0 s
[     38.6s]   + reduce matrix quotient                     live    8.91 GB  peak    8.93 GB
[     38.6s]   - reduce matrix quotient                     live    8.91 GB  peak    8.93 GB  Δlive   +0.00 GB       0.0 s
[     38.6s]   + reduce matrix quotient                     live    8.91 GB  peak    8.93 GB
[     38.6s]   - reduce matrix quotient                     live    8.94 GB  peak    8.98 GB  Δlive   +0.03 GB       0.0 s
[     38.6s]   + reduce matrix quotient                     live    8.94 GB  peak    8.98 GB
[     38.6s]   - reduce matrix quotient                     live    8.94 GB  peak    8.98 GB  Δlive   +0.00 GB       0.0 s
[     38.6s]   + reduce matrix quotient                     live    8.94 GB  peak    8.98 GB
[     38.6s]   - reduce matrix quotient                     live    8.95 GB  peak    8.98 GB  Δlive   +0.00 GB       0.0 s
[     38.6s]   + reduce matrix quotient                     live    8.95 GB  peak    8.98 GB
[     38.6s]   - reduce matrix quotient                     live    8.95 GB  peak    8.98 GB  Δlive   +0.00 GB       0.0 s
[     38.6s]   + reduce matrix quotient                     live    8.95 GB  peak    8.98 GB
[     38.6s]   - reduce matrix quotient                     live    8.95 GB  peak    8.98 GB  Δlive   +0.00 GB       0.0 s
[     38.6s]   + reduce matrix quotient                     live    8.95 GB  peak    8.98 GB
[     38.6s]   - reduce matrix quotient                     live    8.95 GB  peak    8.98 GB  Δlive   +0.00 GB       0.0 s
[     38.6s]   + reduce matrix quotient                     live    8.95 GB  peak    8.98 GB
[     38.7s]   - reduce matrix quotient                     live    8.95 GB  peak    8.98 GB  Δlive   +0.00 GB       0.0 s
[     38.7s]   + reduce matrix quotient                     live    8.95 GB  peak    8.98 GB
[     38.7s]   - reduce matrix quotient                     live    8.95 GB  peak    8.98 GB  Δlive   +0.00 GB       0.0 s
[     38.7s]   + reduce matrix quotient                     live    8.95 GB  peak    8.98 GB
[     38.7s]   - reduce matrix quotient                     live    8.95 GB  peak    8.98 GB  Δlive   +0.00 GB       0.0 s
[     38.7s]   + reduce matrix quotient                     live    8.95 GB  peak    8.98 GB
[     38.7s]   - reduce matrix quotient                     live    8.95 GB  peak    8.98 GB  Δlive   +0.00 GB       0.0 s
[     38.7s]   + reduce matrix quotient                     live    8.95 GB  peak    8.98 GB
[     38.7s]   - reduce matrix quotient                     live    8.95 GB  peak    8.98 GB  Δlive   +0.00 GB       0.0 s
[     38.7s]   + reduce matrix quotient                     live    8.95 GB  peak    8.98 GB
[     38.7s]   - reduce matrix quotient                     live    8.95 GB  peak    8.98 GB  Δlive   +0.00 GB       0.0 s
[     38.7s]   + reduce matrix quotient                     live    8.95 GB  peak    8.98 GB
[     38.7s]   - reduce matrix quotient                     live    8.95 GB  peak    8.98 GB  Δlive   +0.00 GB       0.0 s
[     38.7s]   + reduce matrix quotient                     live    8.95 GB  peak    8.98 GB
[     38.7s]   - reduce matrix quotient                     live    8.95 GB  peak    8.98 GB  Δlive   +0.00 GB       0.0 s
[     38.7s]   + reduce matrix quotient                     live    8.95 GB  peak    8.98 GB
[     38.7s]   - reduce matrix quotient                     live    8.95 GB  peak    8.98 GB  Δlive   +0.00 GB       0.0 s
[     38.7s]   + reduce matrix quotient                     live    8.95 GB  peak    8.98 GB
[     38.7s]   - reduce matrix quotient                     live    8.95 GB  peak    8.98 GB  Δlive   +0.00 GB       0.0 s
[     38.7s]   + reduce matrix quotient                     live    8.95 GB  peak    8.98 GB
[     38.8s]   - reduce matrix quotient                     live    8.95 GB  peak    8.98 GB  Δlive   +0.00 GB       0.0 s
[     38.8s]   + reduce matrix quotient                     live    8.95 GB  peak    8.98 GB
[     38.8s]   - reduce matrix quotient                     live    8.95 GB  peak    8.98 GB  Δlive   +0.00 GB       0.0 s
[     38.8s]   + reduce matrix quotient                     live    8.95 GB  peak    8.98 GB
[     38.8s]   - reduce matrix quotient                     live    8.95 GB  peak    8.98 GB  Δlive   +0.00 GB       0.0 s
[     38.8s]   + reduce matrix quotient                     live    8.95 GB  peak    8.98 GB
[     38.8s]   - reduce matrix quotient                     live    8.95 GB  peak    8.98 GB  Δlive   +0.00 GB       0.0 s
[     38.8s]   + reduce matrix quotient                     live    8.95 GB  peak    8.98 GB
[     38.8s]   - reduce matrix quotient                     live    8.95 GB  peak    8.98 GB  Δlive   +0.00 GB       0.0 s
[     38.8s]   + reduce matrix quotient                     live    8.95 GB  peak    8.98 GB
[     38.8s]   - reduce matrix quotient                     live    8.95 GB  peak    8.98 GB  Δlive   +0.00 GB       0.0 s
[     38.8s]   + reduce matrix quotient                     live    8.95 GB  peak    8.98 GB
[     38.8s]   - reduce matrix quotient                     live    8.95 GB  peak    8.98 GB  Δlive   +0.00 GB       0.0 s
[     38.8s]   + reduce matrix quotient                     live    8.95 GB  peak    8.98 GB
[     38.8s]   - reduce matrix quotient                     live    8.95 GB  peak    8.98 GB  Δlive   +0.00 GB       0.0 s
[     38.8s]   + reduce matrix quotient                     live    8.95 GB  peak    8.98 GB
[     38.8s]   - reduce matrix quotient                     live    8.95 GB  peak    8.98 GB  Δlive   +0.00 GB       0.0 s
[     38.8s]   + reduce matrix quotient                     live    8.95 GB  peak    8.98 GB
[     38.8s]   - reduce matrix quotient                     live    8.95 GB  peak    8.98 GB  Δlive   +0.00 GB       0.0 s
[     38.8s]   + reduce matrix quotient                     live    8.95 GB  peak    8.98 GB
[     38.8s]   - reduce matrix quotient                     live    8.95 GB  peak    8.98 GB  Δlive   +0.00 GB       0.0 s
[     38.8s]   + reduce matrix quotient                     live    8.95 GB  peak    8.98 GB
[     38.8s]   - reduce matrix quotient                     live    8.95 GB  peak    8.98 GB  Δlive   +0.00 GB       0.0 s
[     38.8s]   + reduce matrix quotient                     live    8.95 GB  peak    8.98 GB
[     38.8s]   - reduce matrix quotient                     live    8.95 GB  peak    8.98 GB  Δlive   +0.00 GB       0.0 s
[     38.8s]   + reduce matrix quotient                     live    8.95 GB  peak    8.98 GB
[     38.8s]   - reduce matrix quotient                     live    8.95 GB  peak    8.98 GB  Δlive   +0.00 GB       0.0 s
[     38.8s]   + reduce matrix quotient                     live    8.95 GB  peak    8.98 GB
[     38.8s]   - reduce matrix quotient                     live    8.95 GB  peak    8.98 GB  Δlive   +0.00 GB       0.0 s
[     38.8s]   + reduce matrix quotient                     live    8.95 GB  peak    8.98 GB
[     38.8s]   - reduce matrix quotient                     live    8.95 GB  peak    8.98 GB  Δlive   +0.00 GB       0.0 s
[     38.8s]   + reduce matrix quotient                     live    8.95 GB  peak    8.98 GB
[     38.8s]   - reduce matrix quotient                     live    8.95 GB  peak    8.98 GB  Δlive   +0.00 GB       0.0 s
[     38.8s]   + reduce matrix quotient                     live    8.95 GB  peak    8.98 GB
[     38.8s]   - reduce matrix quotient                     live    8.95 GB  peak    8.98 GB  Δlive   +0.00 GB       0.0 s
[     38.8s]   + reduce matrix quotient                     live    8.95 GB  peak    8.98 GB
[     38.8s]   - reduce matrix quotient                     live    8.95 GB  peak    8.98 GB  Δlive   +0.00 GB       0.0 s
[     38.8s]   + reduce matrix quotient                     live    8.95 GB  peak    8.98 GB
[     38.8s]   - reduce matrix quotient                     live    8.95 GB  peak    8.98 GB  Δlive   +0.00 GB       0.0 s
[     38.8s]   + reduce matrix quotient                     live    8.95 GB  peak    8.98 GB
[     38.8s]   - reduce matrix quotient                     live    8.95 GB  peak    8.98 GB  Δlive   +0.00 GB       0.0 s
[     38.8s]   + reduce matrix quotient                     live    8.95 GB  peak    8.98 GB
[     38.8s]   - reduce matrix quotient                     live    8.95 GB  peak    8.98 GB  Δlive   +0.00 GB       0.0 s
[     38.8s]   + reduce matrix quotient                     live    8.95 GB  peak    8.98 GB
[     38.8s]   - reduce matrix quotient                     live    8.95 GB  peak    8.98 GB  Δlive   +0.00 GB       0.0 s
[     38.8s]   + reduce matrix quotient                     live    8.95 GB  peak    8.98 GB
[     38.8s]   - reduce matrix quotient                     live    8.95 GB  peak    8.98 GB  Δlive   +0.00 GB       0.0 s
[     38.8s]   + reduce matrix quotient                     live    8.95 GB  peak    8.98 GB
[     38.9s]   - reduce matrix quotient                     live    8.95 GB  peak    8.98 GB  Δlive   +0.00 GB       0.0 s
[     38.9s]   + reduce matrix quotient                     live    8.95 GB  peak    8.98 GB
[     38.9s]   - reduce matrix quotient                     live    8.95 GB  peak    8.98 GB  Δlive   +0.00 GB       0.0 s
[     38.9s]   + reduce matrix quotient                     live    8.95 GB  peak    8.98 GB
[     38.9s]   - reduce matrix quotient                     live    8.95 GB  peak    8.98 GB  Δlive   +0.00 GB       0.0 s
[     38.9s]   + reduce matrix quotient                     live    8.95 GB  peak    8.98 GB
[     38.9s]   - reduce matrix quotient                     live    8.95 GB  peak    8.98 GB  Δlive   +0.00 GB       0.0 s
[     38.9s]   + reduce matrix quotient                     live    8.95 GB  peak    8.98 GB
[     38.9s]   - reduce matrix quotient                     live    8.95 GB  peak    8.98 GB  Δlive   +0.00 GB       0.0 s
[     38.9s]   + reduce matrix quotient                     live    8.95 GB  peak    8.98 GB
[     38.9s]   - reduce matrix quotient                     live    8.95 GB  peak    8.98 GB  Δlive   +0.00 GB       0.0 s
[     38.9s]   + reduce matrix quotient                     live    8.95 GB  peak    8.98 GB
[     38.9s]   - reduce matrix quotient                     live    8.95 GB  peak    8.98 GB  Δlive   +0.00 GB       0.0 s
[     38.9s]   + reduce matrix quotient                     live    8.95 GB  peak    8.98 GB
[     38.9s]   - reduce matrix quotient                     live    8.95 GB  peak    8.98 GB  Δlive   +0.00 GB       0.0 s
[     38.9s]   + reduce matrix quotient                     live    8.95 GB  peak    8.98 GB
[     38.9s]   - reduce matrix quotient                     live    8.95 GB  peak    8.98 GB  Δlive   +0.00 GB       0.0 s
[     38.9s]   + reduce matrix quotient                     live    8.95 GB  peak    8.98 GB
[     38.9s]   - reduce matrix quotient                     live    8.95 GB  peak    8.98 GB  Δlive   +0.00 GB       0.0 s
[     38.9s]   + reduce matrix quotient                     live    8.95 GB  peak    8.98 GB
[     38.9s]   - reduce matrix quotient                     live    8.95 GB  peak    8.98 GB  Δlive   +0.00 GB       0.0 s
[     38.9s]   + reduce matrix quotient                     live    8.95 GB  peak    8.98 GB
[     38.9s]   - reduce matrix quotient                     live    8.95 GB  peak    8.98 GB  Δlive   +0.00 GB       0.0 s
[     38.9s]   + reduce matrix quotient                     live    8.95 GB  peak    8.98 GB
[     38.9s]   - reduce matrix quotient                     live    8.95 GB  peak    8.98 GB  Δlive   +0.00 GB       0.0 s
[     38.9s]   + reduce matrix quotient                     live    8.95 GB  peak    8.98 GB
[     38.9s]   - reduce matrix quotient                     live    8.95 GB  peak    8.98 GB  Δlive   +0.00 GB       0.0 s
[     38.9s]   + reduce matrix quotient                     live    8.95 GB  peak    8.98 GB
[     38.9s]   - reduce matrix quotient                     live    8.95 GB  peak    8.98 GB  Δlive   +0.00 GB       0.0 s
[     38.9s]   + reduce matrix quotient                     live    8.95 GB  peak    8.98 GB
[     38.9s]   - reduce matrix quotient                     live    8.95 GB  peak    8.98 GB  Δlive   +0.00 GB       0.0 s
[     38.9s]   + reduce matrix quotient                     live    8.95 GB  peak    8.98 GB
[     38.9s]   - reduce matrix quotient                     live    8.95 GB  peak    8.98 GB  Δlive   +0.00 GB       0.0 s
[     38.9s]   + reduce matrix quotient                     live    8.95 GB  peak    8.98 GB
[     38.9s]   - reduce matrix quotient                     live    8.95 GB  peak    8.98 GB  Δlive   +0.00 GB       0.0 s
[     38.9s]   + reduce matrix quotient                     live    8.95 GB  peak    8.98 GB
[     38.9s]   - reduce matrix quotient                     live    8.95 GB  peak    8.98 GB  Δlive   +0.00 GB       0.0 s
[     38.9s]   + reduce matrix quotient                     live    8.95 GB  peak    8.98 GB
[     38.9s]   - reduce matrix quotient                     live    8.95 GB  peak    8.98 GB  Δlive   +0.00 GB       0.0 s
[     38.9s]   + reduce matrix quotient                     live    8.95 GB  peak    8.98 GB
[     38.9s]   - reduce matrix quotient                     live    8.95 GB  peak    8.98 GB  Δlive   +0.00 GB       0.0 s
[     38.9s]   + reduce matrix quotient                     live    8.95 GB  peak    8.98 GB
[     38.9s]   - reduce matrix quotient                     live    8.95 GB  peak    8.98 GB  Δlive   +0.00 GB       0.0 s
[     38.9s]   + reduce matrix quotient                     live    8.95 GB  peak    8.98 GB
[     38.9s]   - reduce matrix quotient                     live    8.95 GB  peak    8.98 GB  Δlive   +0.00 GB       0.0 s
[     38.9s]   + reduce matrix quotient                     live    8.95 GB  peak    8.98 GB
[     38.9s]   - reduce matrix quotient                     live    8.95 GB  peak    8.98 GB  Δlive   +0.00 GB       0.0 s
[     38.9s]   + reduce matrix quotient                     live    8.95 GB  peak    8.98 GB
[     38.9s]   - reduce matrix quotient                     live    8.95 GB  peak    8.98 GB  Δlive   +0.00 GB       0.0 s
[     38.9s]   + reduce matrix quotient                     live    8.95 GB  peak    8.98 GB
[     38.9s]   - reduce matrix quotient                     live    8.95 GB  peak    8.98 GB  Δlive   +0.00 GB       0.0 s
[     38.9s]   + reduce matrix quotient                     live    8.95 GB  peak    8.98 GB
[     38.9s]   - reduce matrix quotient                     live    8.95 GB  peak    8.98 GB  Δlive   +0.00 GB       0.0 s
[     38.9s]   + reduce matrix quotient                     live    8.95 GB  peak    8.98 GB
[     38.9s]   - reduce matrix quotient                     live    8.95 GB  peak    8.98 GB  Δlive   +0.00 GB       0.0 s
[     38.9s]   + reduce matrix quotient                     live    8.95 GB  peak    8.98 GB
[     38.9s]   - reduce matrix quotient                     live    8.95 GB  peak    8.98 GB  Δlive   +0.00 GB       0.0 s
[     38.9s]   + reduce matrix quotient                     live    8.95 GB  peak    8.98 GB
[     39.0s]   - reduce matrix quotient                     live    8.95 GB  peak    8.98 GB  Δlive   +0.00 GB       0.0 s
[     39.0s]   + reduce matrix quotient                     live    8.95 GB  peak    8.98 GB
[     39.0s]   - reduce matrix quotient                     live    8.95 GB  peak    8.98 GB  Δlive   +0.00 GB       0.0 s
[     39.0s]   + reduce matrix quotient                     live    8.95 GB  peak    8.98 GB
[     39.0s]   - reduce matrix quotient                     live    8.95 GB  peak    8.98 GB  Δlive   +0.00 GB       0.0 s
[     39.0s]   + reduce matrix quotient                     live    8.95 GB  peak    8.98 GB
[     39.0s]   - reduce matrix quotient                     live    8.95 GB  peak    8.98 GB  Δlive   +0.00 GB       0.0 s
[     39.0s]   + FRI prover                                 live    8.95 GB  peak    8.98 GB
[     40.1s] # sample  live    8.98 GB  peak    8.98 GB  rss    9.03 GB
[     40.6s]     - commit phase                               live    9.08 GB  peak    9.09 GB  Δlive   +0.13 GB       1.7 s
[     40.6s]   - FRI prover                                 live    8.89 GB  peak    9.09 GB  Δlive   -0.05 GB       1.7 s
[     40.7s] - prove_batch                                live    0.37 GB  peak    9.09 GB  Δlive   +0.11 GB      39.3 s
[     40.7s] + with_zero_cols                             live    0.14 GB  peak    9.09 GB
[     40.7s] - with_zero_cols                             live    0.15 GB  peak    9.09 GB  Δlive   +0.00 GB       0.0 s
[     40.7s] + with_zero_cols                             live    0.15 GB  peak    9.09 GB
[     40.7s] - with_zero_cols                             live    0.15 GB  peak    9.09 GB  Δlive   +0.00 GB       0.0 s
[     40.7s] + coset_lde_batch_with_transform             live    0.15 GB  peak    9.09 GB
[     40.7s]   + reverse_matrix_index_bits                  live    0.15 GB  peak    9.09 GB
[     40.7s]   - reverse_matrix_index_bits                  live    0.15 GB  peak    9.09 GB  Δlive   +0.00 GB       0.0 s
[     40.7s]   + first_half                                 live    0.15 GB  peak    9.09 GB
[     40.7s]   - first_half                                 live    0.15 GB  peak    9.09 GB  Δlive   +0.00 GB       0.0 s
[     40.7s]   + reverse_matrix_index_bits                  live    0.15 GB  peak    9.09 GB
[     40.7s]   - reverse_matrix_index_bits                  live    0.15 GB  peak    9.09 GB  Δlive   +0.00 GB       0.0 s
[     40.7s]   + second_half                                live    0.15 GB  peak    9.09 GB
[     40.7s]   - second_half                                live    0.15 GB  peak    9.09 GB  Δlive   +0.00 GB       0.0 s
[     40.7s]   + reserve_exact                              live    0.15 GB  peak    9.09 GB
[     40.7s]   - reserve_exact                              live    0.18 GB  peak    9.09 GB  Δlive   +0.03 GB       0.0 s
[     40.7s]   + coset_dft_oop                              live    0.18 GB  peak    9.09 GB
[     40.7s]   - coset_dft_oop                              live    0.18 GB  peak    9.09 GB  Δlive   +0.00 GB       0.0 s
[     40.7s]   + coset_dft_oop                              live    0.18 GB  peak    9.09 GB
[     40.7s]   - coset_dft_oop                              live    0.18 GB  peak    9.09 GB  Δlive   +0.00 GB       0.0 s
[     40.7s]   + coset_dft_oop                              live    0.18 GB  peak    9.09 GB
[     40.7s]   - coset_dft_oop                              live    0.18 GB  peak    9.09 GB  Δlive   +0.00 GB       0.0 s
[     40.7s]   + coset_dft_oop                              live    0.18 GB  peak    9.09 GB
[     40.7s]   - coset_dft_oop                              live    0.18 GB  peak    9.09 GB  Δlive   +0.00 GB       0.0 s
[     40.7s]   + coset_dft_oop                              live    0.18 GB  peak    9.09 GB
[     40.7s]   - coset_dft_oop                              live    0.18 GB  peak    9.09 GB  Δlive   +0.00 GB       0.0 s
[     40.7s]   + coset_dft_oop                              live    0.18 GB  peak    9.09 GB
[     40.7s]   - coset_dft_oop                              live    0.18 GB  peak    9.09 GB  Δlive   +0.00 GB       0.0 s
[     40.7s]   + coset_dft_oop                              live    0.18 GB  peak    9.09 GB
[     40.7s]   - coset_dft_oop                              live    0.18 GB  peak    9.09 GB  Δlive   +0.00 GB       0.0 s
[     40.7s]   + coset_dft                                  live    0.18 GB  peak    9.09 GB
[     40.7s]   - coset_dft                                  live    0.18 GB  peak    9.09 GB  Δlive   +0.00 GB       0.0 s
[     40.7s] - coset_lde_batch_with_transform             live    0.18 GB  peak    9.09 GB  Δlive   +0.04 GB       0.0 s
[     40.7s] + coset_lde_batch_with_transform             live    0.18 GB  peak    9.09 GB
[     40.7s]   + reverse_matrix_index_bits                  live    0.18 GB  peak    9.09 GB
[     40.7s]   - reverse_matrix_index_bits                  live    0.18 GB  peak    9.09 GB  Δlive   +0.00 GB       0.0 s
[     40.7s]   + first_half                                 live    0.18 GB  peak    9.09 GB
[     40.7s]   - first_half                                 live    0.18 GB  peak    9.09 GB  Δlive   +0.00 GB       0.0 s
[     40.7s]   + reverse_matrix_index_bits                  live    0.18 GB  peak    9.09 GB
[     40.7s]   - reverse_matrix_index_bits                  live    0.18 GB  peak    9.09 GB  Δlive   +0.00 GB       0.0 s
[     40.7s]   + second_half                                live    0.18 GB  peak    9.09 GB
[     40.7s]   - second_half                                live    0.18 GB  peak    9.09 GB  Δlive   +0.00 GB       0.0 s
[     40.7s]   + reserve_exact                              live    0.18 GB  peak    9.09 GB
[     40.7s]   - reserve_exact                              live    0.18 GB  peak    9.09 GB  Δlive   +0.00 GB       0.0 s
[     40.7s]   + coset_dft_oop                              live    0.18 GB  peak    9.09 GB
[     40.7s]   - coset_dft_oop                              live    0.18 GB  peak    9.09 GB  Δlive   +0.00 GB       0.0 s
[     40.7s]   + coset_dft_oop                              live    0.18 GB  peak    9.09 GB
[     40.7s]   - coset_dft_oop                              live    0.18 GB  peak    9.09 GB  Δlive   +0.00 GB       0.0 s
[     40.7s]   + coset_dft_oop                              live    0.18 GB  peak    9.09 GB
[     40.7s]   - coset_dft_oop                              live    0.18 GB  peak    9.09 GB  Δlive   +0.00 GB       0.0 s
[     40.7s]   + coset_dft_oop                              live    0.18 GB  peak    9.09 GB
[     40.7s]   - coset_dft_oop                              live    0.18 GB  peak    9.09 GB  Δlive   +0.00 GB       0.0 s
[     40.7s]   + coset_dft_oop                              live    0.18 GB  peak    9.09 GB
[     40.7s]   - coset_dft_oop                              live    0.18 GB  peak    9.09 GB  Δlive   +0.00 GB       0.0 s
[     40.7s]   + coset_dft_oop                              live    0.18 GB  peak    9.09 GB
[     40.8s]   - coset_dft_oop                              live    0.18 GB  peak    9.09 GB  Δlive   +0.00 GB       0.0 s
[     40.8s]   + coset_dft_oop                              live    0.18 GB  peak    9.09 GB
[     40.8s]   - coset_dft_oop                              live    0.18 GB  peak    9.09 GB  Δlive   +0.00 GB       0.0 s
[     40.8s]   + coset_dft                                  live    0.18 GB  peak    9.09 GB
[     40.8s]   - coset_dft                                  live    0.18 GB  peak    9.09 GB  Δlive   +0.00 GB       0.0 s
[     40.8s] - coset_lde_batch_with_transform             live    0.18 GB  peak    9.09 GB  Δlive   +0.00 GB       0.0 s
[     42.0s] + build merkle tree                          live    0.22 GB  peak    9.09 GB
[     42.0s]   + first digest layer                         live    0.22 GB  peak    9.09 GB
[     42.1s]   - first digest layer                         live    0.25 GB  peak    9.09 GB  Δlive   +0.03 GB       0.1 s
[     42.1s] - build merkle tree                          live    0.28 GB  peak    9.09 GB  Δlive   +0.07 GB       0.2 s
[     42.1s] + infer constraint degree                    live    0.28 GB  peak    9.09 GB
[     42.1s]   + evaluate constraints symbolically          live    0.28 GB  peak    9.09 GB
[     42.1s]   - evaluate constraints symbolically          live    0.28 GB  peak    9.09 GB  Δlive   +0.00 GB       0.0 s
[     42.1s] - infer constraint degree                    live    0.28 GB  peak    9.09 GB  Δlive   +0.00 GB       0.0 s
[     42.1s] + infer constraint degree                    live    0.28 GB  peak    9.09 GB
[     42.1s]   + evaluate constraints symbolically          live    0.28 GB  peak    9.09 GB
[     42.1s]   - evaluate constraints symbolically          live    0.29 GB  peak    9.09 GB  Δlive   +0.00 GB       0.0 s
[     42.1s] - infer constraint degree                    live    0.28 GB  peak    9.09 GB  Δlive   +0.00 GB       0.0 s
[     42.1s] + infer constraint degree                    live    0.28 GB  peak    9.09 GB
[     42.1s]   + evaluate constraints symbolically          live    0.28 GB  peak    9.09 GB
[     42.1s]   - evaluate constraints symbolically          live    0.28 GB  peak    9.09 GB  Δlive   +0.00 GB       0.0 s
[     42.1s] - infer constraint degree                    live    0.28 GB  peak    9.09 GB  Δlive   +0.00 GB       0.0 s
[     42.1s] + infer constraint degree                    live    0.28 GB  peak    9.09 GB
[     42.1s]   + evaluate constraints symbolically          live    0.28 GB  peak    9.09 GB
[     42.1s]   - evaluate constraints symbolically          live    0.28 GB  peak    9.09 GB  Δlive   +0.00 GB       0.0 s
[     42.1s] - infer constraint degree                    live    0.28 GB  peak    9.09 GB  Δlive   +0.00 GB       0.0 s
[     42.1s] + infer constraint degree                    live    0.28 GB  peak    9.09 GB
[     42.1s]   + evaluate constraints symbolically          live    0.28 GB  peak    9.09 GB
[     42.1s]   - evaluate constraints symbolically          live    0.29 GB  peak    9.09 GB  Δlive   +0.00 GB       0.0 s
[     42.1s] - infer constraint degree                    live    0.28 GB  peak    9.09 GB  Δlive   +0.00 GB       0.0 s
[     42.1s] + infer constraint degree                    live    0.28 GB  peak    9.09 GB
[     42.1s]   + evaluate constraints symbolically          live    0.28 GB  peak    9.09 GB
[     42.1s]   - evaluate constraints symbolically          live    0.28 GB  peak    9.09 GB  Δlive   +0.00 GB       0.0 s
[     42.1s] - infer constraint degree                    live    0.28 GB  peak    9.09 GB  Δlive   +0.00 GB       0.0 s
[     42.1s] + infer constraint degree                    live    0.28 GB  peak    9.09 GB
[     42.1s]   + evaluate constraints symbolically          live    0.28 GB  peak    9.09 GB
[     42.1s]   - evaluate constraints symbolically          live    0.28 GB  peak    9.09 GB  Δlive   +0.00 GB       0.0 s
[     42.1s] - infer constraint degree                    live    0.28 GB  peak    9.09 GB  Δlive   +0.00 GB       0.0 s
[     42.1s] + verify_batch                               live    0.14 GB  peak    9.09 GB
[     42.1s]   + infer log of constraint degree             live    0.14 GB  peak    9.09 GB
[     42.1s]   - infer log of constraint degree             live    0.14 GB  peak    9.09 GB  Δlive   +0.00 GB       0.0 s
[     42.1s]   + infer log of constraint degree             live    0.14 GB  peak    9.09 GB
[     42.1s]   - infer log of constraint degree             live    0.14 GB  peak    9.09 GB  Δlive   +0.00 GB       0.0 s
[     42.1s]   + infer log of constraint degree             live    0.14 GB  peak    9.09 GB
[     42.1s]   - infer log of constraint degree             live    0.14 GB  peak    9.09 GB  Δlive   +0.00 GB       0.0 s
[     42.1s]   + infer log of constraint degree             live    0.14 GB  peak    9.09 GB
[     42.1s]   - infer log of constraint degree             live    0.14 GB  peak    9.09 GB  Δlive   +0.00 GB       0.0 s
[     42.1s]   + infer log of constraint degree             live    0.14 GB  peak    9.09 GB
[     42.1s]   - infer log of constraint degree             live    0.14 GB  peak    9.09 GB  Δlive   +0.00 GB       0.0 s
[     42.1s]   + infer log of constraint degree             live    0.14 GB  peak    9.09 GB
[     42.1s]   - infer log of constraint degree             live    0.14 GB  peak    9.09 GB  Δlive   +0.00 GB       0.0 s
[     42.1s]   + infer log of constraint degree             live    0.14 GB  peak    9.09 GB
[     42.1s]   - infer log of constraint degree             live    0.14 GB  peak    9.09 GB  Δlive   +0.00 GB       0.0 s
[     42.1s]   + batch_multiplicative_inverse               live    0.14 GB  peak    9.09 GB
[     42.1s]   - batch_multiplicative_inverse               live    0.14 GB  peak    9.09 GB  Δlive   +0.00 GB       0.0 s
[     42.1s]   + batch_multiplicative_inverse               live    0.14 GB  peak    9.09 GB
[     42.1s]   - batch_multiplicative_inverse               live    0.14 GB  peak    9.09 GB  Δlive   +0.00 GB       0.0 s
[     42.1s]   + batch_multiplicative_inverse               live    0.14 GB  peak    9.09 GB
[     42.1s]   - batch_multiplicative_inverse               live    0.14 GB  peak    9.09 GB  Δlive   +0.00 GB       0.0 s
[     42.1s]   + batch_multiplicative_inverse               live    0.14 GB  peak    9.09 GB
[     42.1s]   - batch_multiplicative_inverse               live    0.14 GB  peak    9.09 GB  Δlive   +0.00 GB       0.0 s
[     42.1s]   + batch_multiplicative_inverse               live    0.14 GB  peak    9.09 GB
[     42.1s]   - batch_multiplicative_inverse               live    0.14 GB  peak    9.09 GB  Δlive   +0.00 GB       0.0 s
[     42.1s]   + batch_multiplicative_inverse               live    0.14 GB  peak    9.09 GB
[     42.1s]   - batch_multiplicative_inverse               live    0.14 GB  peak    9.09 GB  Δlive   +0.00 GB       0.0 s
[     42.1s]   + batch_multiplicative_inverse               live    0.14 GB  peak    9.09 GB
[     42.1s]   - batch_multiplicative_inverse               live    0.14 GB  peak    9.09 GB  Δlive   +0.00 GB       0.0 s
[     42.1s]   + batch_multiplicative_inverse               live    0.14 GB  peak    9.09 GB
[     42.1s]   - batch_multiplicative_inverse               live    0.14 GB  peak    9.09 GB  Δlive   +0.00 GB       0.0 s
[     42.1s]   + batch_multiplicative_inverse               live    0.14 GB  peak    9.09 GB
[     42.1s]   - batch_multiplicative_inverse               live    0.14 GB  peak    9.09 GB  Δlive   +0.00 GB       0.0 s
[     42.1s]   + batch_multiplicative_inverse               live    0.14 GB  peak    9.09 GB
[     42.1s]   - batch_multiplicative_inverse               live    0.14 GB  peak    9.09 GB  Δlive   +0.00 GB       0.0 s
[     42.1s]   + batch_multiplicative_inverse               live    0.14 GB  peak    9.09 GB
[     42.1s]   - batch_multiplicative_inverse               live    0.14 GB  peak    9.09 GB  Δlive   +0.00 GB       0.0 s
[     42.1s]   + batch_multiplicative_inverse               live    0.14 GB  peak    9.09 GB
[     42.1s]   - batch_multiplicative_inverse               live    0.14 GB  peak    9.09 GB  Δlive   +0.00 GB       0.0 s
[     42.1s]   + batch_multiplicative_inverse               live    0.14 GB  peak    9.09 GB
[     42.1s]   - batch_multiplicative_inverse               live    0.14 GB  peak    9.09 GB  Δlive   +0.00 GB       0.0 s
[     42.1s]   + batch_multiplicative_inverse               live    0.14 GB  peak    9.09 GB
[     42.1s]   - batch_multiplicative_inverse               live    0.14 GB  peak    9.09 GB  Δlive   +0.00 GB       0.0 s
[     42.1s]   + batch_multiplicative_inverse               live    0.14 GB  peak    9.09 GB
[     42.1s]   - batch_multiplicative_inverse               live    0.14 GB  peak    9.09 GB  Δlive   +0.00 GB       0.0 s
[     42.1s]   + batch_multiplicative_inverse               live    0.14 GB  peak    9.09 GB
[     42.1s]   - batch_multiplicative_inverse               live    0.14 GB  peak    9.09 GB  Δlive   +0.00 GB       0.0 s
[     42.1s]   + batch_multiplicative_inverse               live    0.14 GB  peak    9.09 GB
[     42.1s]   - batch_multiplicative_inverse               live    0.14 GB  peak    9.09 GB  Δlive   +0.00 GB       0.0 s
[     42.1s]   + batch_multiplicative_inverse               live    0.14 GB  peak    9.09 GB
[     42.1s]   - batch_multiplicative_inverse               live    0.14 GB  peak    9.09 GB  Δlive   +0.00 GB       0.0 s
[     42.1s]   + batch_multiplicative_inverse               live    0.14 GB  peak    9.09 GB
[     42.1s]   - batch_multiplicative_inverse               live    0.14 GB  peak    9.09 GB  Δlive   +0.00 GB       0.0 s
[     42.1s]   + batch_multiplicative_inverse               live    0.14 GB  peak    9.09 GB
[     42.1s]   - batch_multiplicative_inverse               live    0.14 GB  peak    9.09 GB  Δlive   +0.00 GB       0.0 s
[     42.1s]   + batch_multiplicative_inverse               live    0.14 GB  peak    9.09 GB
[     42.1s]   - batch_multiplicative_inverse               live    0.14 GB  peak    9.09 GB  Δlive   +0.00 GB       0.0 s
[     42.1s]   + batch_multiplicative_inverse               live    0.14 GB  peak    9.09 GB
[     42.1s]   - batch_multiplicative_inverse               live    0.14 GB  peak    9.09 GB  Δlive   +0.00 GB       0.0 s
[     42.1s]   + batch_multiplicative_inverse               live    0.14 GB  peak    9.09 GB
[     42.1s]   - batch_multiplicative_inverse               live    0.14 GB  peak    9.09 GB  Δlive   +0.00 GB       0.0 s
[     42.1s]   + batch_multiplicative_inverse               live    0.14 GB  peak    9.09 GB
[     42.1s]   - batch_multiplicative_inverse               live    0.14 GB  peak    9.09 GB  Δlive   +0.00 GB       0.0 s
[     42.1s]   + batch_multiplicative_inverse               live    0.14 GB  peak    9.09 GB
[     42.1s]   - batch_multiplicative_inverse               live    0.14 GB  peak    9.09 GB  Δlive   +0.00 GB       0.0 s
[     42.1s]   + batch_multiplicative_inverse               live    0.14 GB  peak    9.09 GB
[     42.1s]   - batch_multiplicative_inverse               live    0.14 GB  peak    9.09 GB  Δlive   +0.00 GB       0.0 s
[     42.1s]   + batch_multiplicative_inverse               live    0.14 GB  peak    9.09 GB
[     42.1s]   - batch_multiplicative_inverse               live    0.14 GB  peak    9.09 GB  Δlive   +0.00 GB       0.0 s
[     42.1s]   + batch_multiplicative_inverse               live    0.14 GB  peak    9.09 GB
[     42.1s]   - batch_multiplicative_inverse               live    0.14 GB  peak    9.09 GB  Δlive   +0.00 GB       0.0 s
[     42.1s]   + batch_multiplicative_inverse               live    0.14 GB  peak    9.09 GB
[     42.1s]   - batch_multiplicative_inverse               live    0.14 GB  peak    9.09 GB  Δlive   +0.00 GB       0.0 s
[     42.1s]   + batch_multiplicative_inverse               live    0.14 GB  peak    9.09 GB
[     42.1s]   - batch_multiplicative_inverse               live    0.14 GB  peak    9.09 GB  Δlive   +0.00 GB       0.0 s
[     42.1s]   + batch_multiplicative_inverse               live    0.14 GB  peak    9.09 GB
[     42.1s]   - batch_multiplicative_inverse               live    0.14 GB  peak    9.09 GB  Δlive   +0.00 GB       0.0 s
[     42.1s]   + batch_multiplicative_inverse               live    0.14 GB  peak    9.09 GB
[     42.1s]   - batch_multiplicative_inverse               live    0.14 GB  peak    9.09 GB  Δlive   +0.00 GB       0.0 s
[     42.1s]   + batch_multiplicative_inverse               live    0.14 GB  peak    9.09 GB
[     42.1s]   - batch_multiplicative_inverse               live    0.14 GB  peak    9.09 GB  Δlive   +0.00 GB       0.0 s
[     42.1s]   + batch_multiplicative_inverse               live    0.14 GB  peak    9.09 GB
[     42.1s]   - batch_multiplicative_inverse               live    0.14 GB  peak    9.09 GB  Δlive   +0.00 GB       0.0 s
[     42.1s]   + batch_multiplicative_inverse               live    0.14 GB  peak    9.09 GB
[     42.1s]   - batch_multiplicative_inverse               live    0.14 GB  peak    9.09 GB  Δlive   +0.00 GB       0.0 s
[     42.1s]   + batch_multiplicative_inverse               live    0.14 GB  peak    9.09 GB
[     42.1s]   - batch_multiplicative_inverse               live    0.14 GB  peak    9.09 GB  Δlive   +0.00 GB       0.0 s
[     42.1s]   + batch_multiplicative_inverse               live    0.14 GB  peak    9.09 GB
[     42.1s]   - batch_multiplicative_inverse               live    0.14 GB  peak    9.09 GB  Δlive   +0.00 GB       0.0 s
[     42.1s]   + batch_multiplicative_inverse               live    0.14 GB  peak    9.09 GB
[     42.1s]   - batch_multiplicative_inverse               live    0.14 GB  peak    9.09 GB  Δlive   +0.00 GB       0.0 s
[     42.1s]   + batch_multiplicative_inverse               live    0.14 GB  peak    9.09 GB
[     42.1s]   - batch_multiplicative_inverse               live    0.14 GB  peak    9.09 GB  Δlive   +0.00 GB       0.0 s
[     42.1s]   + batch_multiplicative_inverse               live    0.14 GB  peak    9.09 GB
[     42.1s]   - batch_multiplicative_inverse               live    0.14 GB  peak    9.09 GB  Δlive   +0.00 GB       0.0 s
[     42.1s]   + batch_multiplicative_inverse               live    0.14 GB  peak    9.09 GB
[     42.1s]   - batch_multiplicative_inverse               live    0.14 GB  peak    9.09 GB  Δlive   +0.00 GB       0.0 s
[     42.1s]   + batch_multiplicative_inverse               live    0.14 GB  peak    9.09 GB
[     42.1s]   - batch_multiplicative_inverse               live    0.14 GB  peak    9.09 GB  Δlive   +0.00 GB       0.0 s
[     42.1s]   + batch_multiplicative_inverse               live    0.14 GB  peak    9.09 GB
[     42.1s]   - batch_multiplicative_inverse               live    0.14 GB  peak    9.09 GB  Δlive   +0.00 GB       0.0 s
[     42.1s]   + batch_multiplicative_inverse               live    0.14 GB  peak    9.09 GB
[     42.1s]   - batch_multiplicative_inverse               live    0.14 GB  peak    9.09 GB  Δlive   +0.00 GB       0.0 s
[     42.1s]   + batch_multiplicative_inverse               live    0.14 GB  peak    9.09 GB
[     42.1s]   - batch_multiplicative_inverse               live    0.14 GB  peak    9.09 GB  Δlive   +0.00 GB       0.0 s
[     42.1s]   + batch_multiplicative_inverse               live    0.14 GB  peak    9.09 GB
[     42.1s]   - batch_multiplicative_inverse               live    0.14 GB  peak    9.09 GB  Δlive   +0.00 GB       0.0 s
[     42.1s]   + batch_multiplicative_inverse               live    0.14 GB  peak    9.09 GB
[     42.1s]   - batch_multiplicative_inverse               live    0.14 GB  peak    9.09 GB  Δlive   +0.00 GB       0.0 s
[     42.1s]   + batch_multiplicative_inverse               live    0.14 GB  peak    9.09 GB
[     42.1s]   - batch_multiplicative_inverse               live    0.14 GB  peak    9.09 GB  Δlive   +0.00 GB       0.0 s
[     42.1s]   + batch_multiplicative_inverse               live    0.14 GB  peak    9.09 GB
[     42.1s]   - batch_multiplicative_inverse               live    0.14 GB  peak    9.09 GB  Δlive   +0.00 GB       0.0 s
[     42.1s]   + batch_multiplicative_inverse               live    0.14 GB  peak    9.09 GB
[     42.1s]   - batch_multiplicative_inverse               live    0.14 GB  peak    9.09 GB  Δlive   +0.00 GB       0.0 s
[     42.1s]   + batch_multiplicative_inverse               live    0.14 GB  peak    9.09 GB
[     42.1s]   - batch_multiplicative_inverse               live    0.14 GB  peak    9.09 GB  Δlive   +0.00 GB       0.0 s
[     42.1s]   + batch_multiplicative_inverse               live    0.14 GB  peak    9.09 GB
[     42.1s]   - batch_multiplicative_inverse               live    0.14 GB  peak    9.09 GB  Δlive   +0.00 GB       0.0 s
[     42.1s]   + batch_multiplicative_inverse               live    0.14 GB  peak    9.09 GB
[     42.1s]   - batch_multiplicative_inverse               live    0.14 GB  peak    9.09 GB  Δlive   +0.00 GB       0.0 s
[     42.1s]   + batch_multiplicative_inverse               live    0.14 GB  peak    9.09 GB
[     42.1s]   - batch_multiplicative_inverse               live    0.14 GB  peak    9.09 GB  Δlive   +0.00 GB       0.0 s
[     42.1s]   + batch_multiplicative_inverse               live    0.14 GB  peak    9.09 GB
[     42.1s]   - batch_multiplicative_inverse               live    0.14 GB  peak    9.09 GB  Δlive   +0.00 GB       0.0 s
[     42.1s]   + batch_multiplicative_inverse               live    0.14 GB  peak    9.09 GB
[     42.1s]   - batch_multiplicative_inverse               live    0.14 GB  peak    9.09 GB  Δlive   +0.00 GB       0.0 s
[     42.1s]   + batch_multiplicative_inverse               live    0.14 GB  peak    9.09 GB
[     42.1s]   - batch_multiplicative_inverse               live    0.14 GB  peak    9.09 GB  Δlive   +0.00 GB       0.0 s
[     42.1s]   + batch_multiplicative_inverse               live    0.14 GB  peak    9.09 GB
[     42.1s]   - batch_multiplicative_inverse               live    0.14 GB  peak    9.09 GB  Δlive   +0.00 GB       0.0 s
[     42.1s]   + batch_multiplicative_inverse               live    0.14 GB  peak    9.09 GB
[     42.1s]   - batch_multiplicative_inverse               live    0.14 GB  peak    9.09 GB  Δlive   +0.00 GB       0.0 s
[     42.1s]   + batch_multiplicative_inverse               live    0.14 GB  peak    9.09 GB
[     42.1s]   - batch_multiplicative_inverse               live    0.14 GB  peak    9.09 GB  Δlive   +0.00 GB       0.0 s
[     42.1s]   + batch_multiplicative_inverse               live    0.14 GB  peak    9.09 GB
[     42.1s]   - batch_multiplicative_inverse               live    0.14 GB  peak    9.09 GB  Δlive   +0.00 GB       0.0 s
[     42.1s]   + batch_multiplicative_inverse               live    0.14 GB  peak    9.09 GB
[     42.1s]   - batch_multiplicative_inverse               live    0.14 GB  peak    9.09 GB  Δlive   +0.00 GB       0.0 s
[     42.1s]   + batch_multiplicative_inverse               live    0.14 GB  peak    9.09 GB
[     42.1s]   - batch_multiplicative_inverse               live    0.14 GB  peak    9.09 GB  Δlive   +0.00 GB       0.0 s
[     42.1s]   + batch_multiplicative_inverse               live    0.14 GB  peak    9.09 GB
[     42.1s]   - batch_multiplicative_inverse               live    0.14 GB  peak    9.09 GB  Δlive   +0.00 GB       0.0 s
[     42.1s]   + batch_multiplicative_inverse               live    0.14 GB  peak    9.09 GB
[     42.1s]   - batch_multiplicative_inverse               live    0.14 GB  peak    9.09 GB  Δlive   +0.00 GB       0.0 s
[     42.1s]   + batch_multiplicative_inverse               live    0.14 GB  peak    9.09 GB
[     42.1s]   - batch_multiplicative_inverse               live    0.14 GB  peak    9.09 GB  Δlive   +0.00 GB       0.0 s
[     42.1s]   + batch_multiplicative_inverse               live    0.14 GB  peak    9.09 GB
[     42.1s]   - batch_multiplicative_inverse               live    0.14 GB  peak    9.09 GB  Δlive   +0.00 GB       0.0 s
[     42.1s]   + batch_multiplicative_inverse               live    0.14 GB  peak    9.09 GB
[     42.1s]   - batch_multiplicative_inverse               live    0.14 GB  peak    9.09 GB  Δlive   +0.00 GB       0.0 s
[     42.1s]   + batch_multiplicative_inverse               live    0.14 GB  peak    9.09 GB
[     42.1s]   - batch_multiplicative_inverse               live    0.14 GB  peak    9.09 GB  Δlive   +0.00 GB       0.0 s
[     42.1s]   + batch_multiplicative_inverse               live    0.14 GB  peak    9.09 GB
[     42.1s]   - batch_multiplicative_inverse               live    0.14 GB  peak    9.09 GB  Δlive   +0.00 GB       0.0 s
[     42.1s]   + batch_multiplicative_inverse               live    0.14 GB  peak    9.09 GB
[     42.1s]   - batch_multiplicative_inverse               live    0.14 GB  peak    9.09 GB  Δlive   +0.00 GB       0.0 s
[     42.1s]   + batch_multiplicative_inverse               live    0.14 GB  peak    9.09 GB
[     42.1s]   - batch_multiplicative_inverse               live    0.14 GB  peak    9.09 GB  Δlive   +0.00 GB       0.0 s
[     42.1s]   + batch_multiplicative_inverse               live    0.14 GB  peak    9.09 GB
[     42.1s]   - batch_multiplicative_inverse               live    0.14 GB  peak    9.09 GB  Δlive   +0.00 GB       0.0 s
[     42.1s]   + batch_multiplicative_inverse               live    0.14 GB  peak    9.09 GB
[     42.1s]   - batch_multiplicative_inverse               live    0.14 GB  peak    9.09 GB  Δlive   +0.00 GB       0.0 s
[     42.1s]   + batch_multiplicative_inverse               live    0.14 GB  peak    9.09 GB
[     42.1s]   - batch_multiplicative_inverse               live    0.14 GB  peak    9.09 GB  Δlive   +0.00 GB       0.0 s
[     42.1s]   + batch_multiplicative_inverse               live    0.14 GB  peak    9.09 GB
[     42.1s]   - batch_multiplicative_inverse               live    0.14 GB  peak    9.09 GB  Δlive   +0.00 GB       0.0 s
[     42.1s]   + batch_multiplicative_inverse               live    0.14 GB  peak    9.09 GB
[     42.1s]   - batch_multiplicative_inverse               live    0.14 GB  peak    9.09 GB  Δlive   +0.00 GB       0.0 s
[     42.1s]   + batch_multiplicative_inverse               live    0.14 GB  peak    9.09 GB
[     42.1s]   - batch_multiplicative_inverse               live    0.14 GB  peak    9.09 GB  Δlive   +0.00 GB       0.0 s
[     42.1s]   + batch_multiplicative_inverse               live    0.14 GB  peak    9.09 GB
[     42.1s]   - batch_multiplicative_inverse               live    0.14 GB  peak    9.09 GB  Δlive   +0.00 GB       0.0 s
[     42.1s]   + batch_multiplicative_inverse               live    0.14 GB  peak    9.09 GB
[     42.1s]   - batch_multiplicative_inverse               live    0.14 GB  peak    9.09 GB  Δlive   +0.00 GB       0.0 s
[     42.1s]   + batch_multiplicative_inverse               live    0.14 GB  peak    9.09 GB
[     42.1s]   - batch_multiplicative_inverse               live    0.14 GB  peak    9.09 GB  Δlive   +0.00 GB       0.0 s
[     42.1s]   + batch_multiplicative_inverse               live    0.14 GB  peak    9.09 GB
[     42.1s]   - batch_multiplicative_inverse               live    0.14 GB  peak    9.09 GB  Δlive   +0.00 GB       0.0 s
[     42.1s]   + batch_multiplicative_inverse               live    0.14 GB  peak    9.09 GB
[     42.1s]   - batch_multiplicative_inverse               live    0.14 GB  peak    9.09 GB  Δlive   +0.00 GB       0.0 s
[     42.1s]   + batch_multiplicative_inverse               live    0.14 GB  peak    9.09 GB
[     42.1s]   - batch_multiplicative_inverse               live    0.14 GB  peak    9.09 GB  Δlive   +0.00 GB       0.0 s
[     42.1s]   + batch_multiplicative_inverse               live    0.14 GB  peak    9.09 GB
[     42.1s]   - batch_multiplicative_inverse               live    0.14 GB  peak    9.09 GB  Δlive   +0.00 GB       0.0 s
[     42.1s]   + batch_multiplicative_inverse               live    0.14 GB  peak    9.09 GB
[     42.1s]   - batch_multiplicative_inverse               live    0.14 GB  peak    9.09 GB  Δlive   +0.00 GB       0.0 s
[     42.1s]   + batch_multiplicative_inverse               live    0.14 GB  peak    9.09 GB
[     42.1s]   - batch_multiplicative_inverse               live    0.14 GB  peak    9.09 GB  Δlive   +0.00 GB       0.0 s
[     42.1s]   + batch_multiplicative_inverse               live    0.14 GB  peak    9.09 GB
[     42.1s]   - batch_multiplicative_inverse               live    0.14 GB  peak    9.09 GB  Δlive   +0.00 GB       0.0 s
[     42.1s]   + batch_multiplicative_inverse               live    0.14 GB  peak    9.09 GB
[     42.1s]   - batch_multiplicative_inverse               live    0.14 GB  peak    9.09 GB  Δlive   +0.00 GB       0.0 s
[     42.1s]   + batch_multiplicative_inverse               live    0.14 GB  peak    9.09 GB
[     42.1s]   - batch_multiplicative_inverse               live    0.14 GB  peak    9.09 GB  Δlive   +0.00 GB       0.0 s
[     42.1s]   + batch_multiplicative_inverse               live    0.14 GB  peak    9.09 GB
[     42.1s]   - batch_multiplicative_inverse               live    0.14 GB  peak    9.09 GB  Δlive   +0.00 GB       0.0 s
[     42.1s]   + batch_multiplicative_inverse               live    0.14 GB  peak    9.09 GB
[     42.1s]   - batch_multiplicative_inverse               live    0.14 GB  peak    9.09 GB  Δlive   +0.00 GB       0.0 s
[     42.1s]   + batch_multiplicative_inverse               live    0.14 GB  peak    9.09 GB
[     42.1s]   - batch_multiplicative_inverse               live    0.14 GB  peak    9.09 GB  Δlive   +0.00 GB       0.0 s
[     42.1s]   + batch_multiplicative_inverse               live    0.14 GB  peak    9.09 GB
[     42.1s]   - batch_multiplicative_inverse               live    0.14 GB  peak    9.09 GB  Δlive   +0.00 GB       0.0 s
[     42.1s]   + batch_multiplicative_inverse               live    0.14 GB  peak    9.09 GB
[     42.1s]   - batch_multiplicative_inverse               live    0.14 GB  peak    9.09 GB  Δlive   +0.00 GB       0.0 s
[     42.1s]   + batch_multiplicative_inverse               live    0.14 GB  peak    9.09 GB
[     42.1s]   - batch_multiplicative_inverse               live    0.14 GB  peak    9.09 GB  Δlive   +0.00 GB       0.0 s
[     42.1s]   + batch_multiplicative_inverse               live    0.14 GB  peak    9.09 GB
[     42.1s]   - batch_multiplicative_inverse               live    0.14 GB  peak    9.09 GB  Δlive   +0.00 GB       0.0 s
[     42.1s]   + batch_multiplicative_inverse               live    0.14 GB  peak    9.09 GB
[     42.1s]   - batch_multiplicative_inverse               live    0.14 GB  peak    9.09 GB  Δlive   +0.00 GB       0.0 s
[     42.1s]   + batch_multiplicative_inverse               live    0.14 GB  peak    9.09 GB
[     42.1s]   - batch_multiplicative_inverse               live    0.14 GB  peak    9.09 GB  Δlive   +0.00 GB       0.0 s
[     42.1s]   + batch_multiplicative_inverse               live    0.14 GB  peak    9.09 GB
[     42.1s]   - batch_multiplicative_inverse               live    0.14 GB  peak    9.09 GB  Δlive   +0.00 GB       0.0 s
[     42.1s]   + batch_multiplicative_inverse               live    0.14 GB  peak    9.09 GB
[     42.1s]   - batch_multiplicative_inverse               live    0.14 GB  peak    9.09 GB  Δlive   +0.00 GB       0.0 s
[     42.1s]   + batch_multiplicative_inverse               live    0.14 GB  peak    9.09 GB
[     42.1s]   - batch_multiplicative_inverse               live    0.14 GB  peak    9.09 GB  Δlive   +0.00 GB       0.0 s
[     42.1s]   + batch_multiplicative_inverse               live    0.14 GB  peak    9.09 GB
[     42.1s]   - batch_multiplicative_inverse               live    0.14 GB  peak    9.09 GB  Δlive   +0.00 GB       0.0 s
[     42.1s]   + batch_multiplicative_inverse               live    0.14 GB  peak    9.09 GB
[     42.1s]   - batch_multiplicative_inverse               live    0.14 GB  peak    9.09 GB  Δlive   +0.00 GB       0.0 s
[     42.1s]   + batch_multiplicative_inverse               live    0.14 GB  peak    9.09 GB
[     42.1s]   - batch_multiplicative_inverse               live    0.14 GB  peak    9.09 GB  Δlive   +0.00 GB       0.0 s
[     42.1s]   + batch_multiplicative_inverse               live    0.14 GB  peak    9.09 GB
[     42.1s]   - batch_multiplicative_inverse               live    0.14 GB  peak    9.09 GB  Δlive   +0.00 GB       0.0 s
[     42.1s]   + batch_multiplicative_inverse               live    0.14 GB  peak    9.09 GB
[     42.1s]   - batch_multiplicative_inverse               live    0.14 GB  peak    9.09 GB  Δlive   +0.00 GB       0.0 s
[     42.1s]   + batch_multiplicative_inverse               live    0.14 GB  peak    9.09 GB
[     42.1s]   - batch_multiplicative_inverse               live    0.14 GB  peak    9.09 GB  Δlive   +0.00 GB       0.0 s
[     42.1s]   + batch_multiplicative_inverse               live    0.14 GB  peak    9.09 GB
[     42.1s]   - batch_multiplicative_inverse               live    0.14 GB  peak    9.09 GB  Δlive   +0.00 GB       0.0 s
[     42.1s]   + batch_multiplicative_inverse               live    0.14 GB  peak    9.09 GB
[     42.1s]   - batch_multiplicative_inverse               live    0.14 GB  peak    9.09 GB  Δlive   +0.00 GB       0.0 s
[     42.1s]   + batch_multiplicative_inverse               live    0.14 GB  peak    9.09 GB
[     42.1s]   - batch_multiplicative_inverse               live    0.14 GB  peak    9.09 GB  Δlive   +0.00 GB       0.0 s
[     42.1s]   + batch_multiplicative_inverse               live    0.14 GB  peak    9.09 GB
[     42.1s]   - batch_multiplicative_inverse               live    0.14 GB  peak    9.09 GB  Δlive   +0.00 GB       0.0 s
[     42.1s]   + batch_multiplicative_inverse               live    0.14 GB  peak    9.09 GB
[     42.1s]   - batch_multiplicative_inverse               live    0.14 GB  peak    9.09 GB  Δlive   +0.00 GB       0.0 s
[     42.1s]   + batch_multiplicative_inverse               live    0.14 GB  peak    9.09 GB
[     42.1s]   - batch_multiplicative_inverse               live    0.14 GB  peak    9.09 GB  Δlive   +0.00 GB       0.0 s
[     42.1s]   + batch_multiplicative_inverse               live    0.14 GB  peak    9.09 GB
[     42.1s]   - batch_multiplicative_inverse               live    0.14 GB  peak    9.09 GB  Δlive   +0.00 GB       0.0 s
[     42.1s]   + batch_multiplicative_inverse               live    0.14 GB  peak    9.09 GB
[     42.1s]   - batch_multiplicative_inverse               live    0.14 GB  peak    9.09 GB  Δlive   +0.00 GB       0.0 s
[     42.1s]   + batch_multiplicative_inverse               live    0.14 GB  peak    9.09 GB
[     42.1s]   - batch_multiplicative_inverse               live    0.14 GB  peak    9.09 GB  Δlive   +0.00 GB       0.0 s
[     42.1s]   + batch_multiplicative_inverse               live    0.14 GB  peak    9.09 GB
[     42.1s]   - batch_multiplicative_inverse               live    0.14 GB  peak    9.09 GB  Δlive   +0.00 GB       0.0 s
[     42.1s]   + batch_multiplicative_inverse               live    0.14 GB  peak    9.09 GB
[     42.1s]   - batch_multiplicative_inverse               live    0.14 GB  peak    9.09 GB  Δlive   +0.00 GB       0.0 s
[     42.1s]   + batch_multiplicative_inverse               live    0.14 GB  peak    9.09 GB
[     42.1s]   - batch_multiplicative_inverse               live    0.14 GB  peak    9.09 GB  Δlive   +0.00 GB       0.0 s
[     42.1s]   + batch_multiplicative_inverse               live    0.14 GB  peak    9.09 GB
[     42.1s]   - batch_multiplicative_inverse               live    0.14 GB  peak    9.09 GB  Δlive   +0.00 GB       0.0 s
[     42.1s]   + batch_multiplicative_inverse               live    0.14 GB  peak    9.09 GB
[     42.1s]   - batch_multiplicative_inverse               live    0.14 GB  peak    9.09 GB  Δlive   +0.00 GB       0.0 s
[     42.1s]   + batch_multiplicative_inverse               live    0.14 GB  peak    9.09 GB
[     42.1s]   - batch_multiplicative_inverse               live    0.14 GB  peak    9.09 GB  Δlive   +0.00 GB       0.0 s
[     42.1s]   + batch_multiplicative_inverse               live    0.14 GB  peak    9.09 GB
[     42.1s]   - batch_multiplicative_inverse               live    0.14 GB  peak    9.09 GB  Δlive   +0.00 GB       0.0 s
[     42.1s]   + batch_multiplicative_inverse               live    0.14 GB  peak    9.09 GB
[     42.1s]   - batch_multiplicative_inverse               live    0.14 GB  peak    9.09 GB  Δlive   +0.00 GB       0.0 s
[     42.1s]   + batch_multiplicative_inverse               live    0.14 GB  peak    9.09 GB
[     42.1s]   - batch_multiplicative_inverse               live    0.14 GB  peak    9.09 GB  Δlive   +0.00 GB       0.0 s
[     42.1s]   + batch_multiplicative_inverse               live    0.14 GB  peak    9.09 GB
[     42.1s]   - batch_multiplicative_inverse               live    0.14 GB  peak    9.09 GB  Δlive   +0.00 GB       0.0 s
[     42.1s]   + batch_multiplicative_inverse               live    0.14 GB  peak    9.09 GB
[     42.1s]   - batch_multiplicative_inverse               live    0.14 GB  peak    9.09 GB  Δlive   +0.00 GB       0.0 s
[     42.1s]   + batch_multiplicative_inverse               live    0.14 GB  peak    9.09 GB
[     42.1s]   - batch_multiplicative_inverse               live    0.14 GB  peak    9.09 GB  Δlive   +0.00 GB       0.0 s
[     42.1s]   + verify constraints                         live    0.14 GB  peak    9.09 GB
[     42.1s]   - verify constraints                         live    0.14 GB  peak    9.09 GB  Δlive   +0.00 GB       0.0 s
[     42.1s]   + verify constraints                         live    0.14 GB  peak    9.09 GB
[     42.1s]   - verify constraints                         live    0.14 GB  peak    9.09 GB  Δlive   +0.00 GB       0.0 s
[     42.1s]   + verify constraints                         live    0.14 GB  peak    9.09 GB
[     42.1s]   - verify constraints                         live    0.14 GB  peak    9.09 GB  Δlive   +0.00 GB       0.0 s
[     42.1s]   + verify constraints                         live    0.14 GB  peak    9.09 GB
[     42.1s]   - verify constraints                         live    0.14 GB  peak    9.09 GB  Δlive   +0.00 GB       0.0 s
[     42.1s]   + verify constraints                         live    0.14 GB  peak    9.09 GB
[     42.1s]   - verify constraints                         live    0.14 GB  peak    9.09 GB  Δlive   +0.00 GB       0.0 s
[     42.1s]   + verify constraints                         live    0.14 GB  peak    9.09 GB
[     42.1s]   - verify constraints                         live    0.14 GB  peak    9.09 GB  Δlive   +0.00 GB       0.0 s
[     42.1s]   + verify constraints                         live    0.14 GB  peak    9.09 GB
[     42.1s]   - verify constraints                         live    0.14 GB  peak    9.09 GB  Δlive   +0.00 GB       0.0 s
[     42.1s] - verify_batch                               live    0.14 GB  peak    9.09 GB  Δlive   +0.00 GB       0.0 s
== tier16 synthetic: 63762 rows, tier 16, proof 273804 B, prove 40.7 s; peak live heap 9.09 GB, live now 0.14 GB, rss now 3.85 GB, wall 42.1 s
test tier16_synthetic_threads ... ok

test result: ok. 1 passed; 0 failed; 0 ignored; 0 measured; 2 filtered out; finished in 42.18s

